UserID,PicID,Specialist,Gender,Age,SperkerNum,Particular,SubjectKnowledge,SpeakerNum,Frequency,Subjective,TestScore,WordCat1,WordCat2,WordCat3,WordCat4,WordCat5,WordCat6,WordCat7,WordCat8,WordCat9,WordCat10,WordCat11,WordCat12,WordCat13,WordCat14,WordCat15,WordCat16,WordCat17,WordCat18,WordCat19,WordCat20,WordCat21,WordCat22,WordCat23,WordCat24,WordCat25,WordCat26,WordCat27,WordCat28,WordCat29,WordCat30,WordCat31,WordCat32,WordCat33,WordCat34,WordCat35,WordCat36,WordCat37,WordCat38,Holism1,Holism2,Holism3,Holism4,Holism5,Holism6,Holism7,Holism8,Holism9,Holism10,Holism11,Holism12,Holism13,Holism14,Holism15,Holism16,Holism17,Holism18,Holism19,Holism20,Holism21,Holism22,Holism23,Holism24,creativity_Ogi,creativity_Shimizu,creativity_Wakai,creativity_Takeuchi,creativity_Kiyokawa,creativity_Sato,creativity_Fukunaga,Tfidf,CH
117040,0015192706_0001_001.jpg,2,1,61,4,8,4,4,7,8,6,TRUE,FALSE,TRUE,FALSE,FALSE,FALSE,TRUE,TRUE,FALSE,FALSE,FALSE,FALSE,FALSE,FALSE,FALSE,FALSE,FALSE,FALSE,FALSE,FALSE,FALSE,FALSE,FALSE,FALSE,FALSE,FALSE,FALSE,FALSE,FALSE,FALSE,FALSE,FALSE,FALSE,FALSE,TRUE,FALSE,FALSE,FALSE,3,4,3,3,5,2,3,4,7,3,2,2,3,2,4,3,4,4,2,6,5,2,3,5,2,1,2,1,2,1,2,30.38400471,35.86623146
117776,0015192764_0001_001.jpg,2,1,59,4,8,8,4,5,8,12,TRUE,TRUE,TRUE,TRUE,TRUE,TRUE,TRUE,TRUE,FALSE,TRUE,TRUE,TRUE,TRUE,TRUE,TRUE,TRUE,TRUE,FALSE,FALSE,FALSE,FALSE,FALSE,FALSE,FALSE,FALSE,FALSE,FALSE,FALSE,FALSE,FALSE,TRUE,TRUE,TRUE,FALSE,FALSE,FALSE,FALSE,FALSE,7,7,3,3,3,3,5,4,4,4,4,2,2,3,5,5,4,4,4,4,4,4,4,4,1,1,1,1,1,2,1,16.42573058,18.47176538
144458,0015192455_0001_001.jpg,1,2,40,1,8,10,1,6,8,4,FALSE,FALSE,TRUE,FALSE,FALSE,FALSE,TRUE,FALSE,TRUE,FALSE,FALSE,FALSE,FALSE,FALSE,FALSE,FALSE,FALSE,FALSE,FALSE,FALSE,TRUE,FALSE,FALSE,FALSE,FALSE,FALSE,FALSE,FALSE,TRUE,FALSE,TRUE,FALSE,FALSE,FALSE,FALSE,TRUE,FALSE,FALSE,2,2,3,3,5,5,3,3,3,3,3,6,6,2,2,3,3,3,3,3,5,3,2,5,5,4,5,5,3,4,5,0.251989811,2.413112682
160429,0015192655_0001_001.jpg,1,1,67,2,6,3,2,6,6,9,TRUE,TRUE,TRUE,TRUE,TRUE,TRUE,TRUE,TRUE,FALSE,TRUE,TRUE,TRUE,TRUE,TRUE,TRUE,TRUE,TRUE,TRUE,FALSE,TRUE,TRUE,TRUE,TRUE,TRUE,TRUE,TRUE,TRUE,TRUE,FALSE,TRUE,TRUE,TRUE,TRUE,TRUE,TRUE,TRUE,TRUE,TRUE,3,3,3,5,2,6,6,2,6,2,3,3,6,2,2,6,2,2,6,6,6,2,2,2,3,3,2,4,3,3,3,47.4452106,49.08858585
368244,0015192800_0001_001.jpg,2,1,46,2,5,5,2,5,5,7,TRUE,FALSE,TRUE,TRUE,TRUE,TRUE,TRUE,TRUE,FALSE,TRUE,FALSE,TRUE,TRUE,TRUE,TRUE,TRUE,TRUE,TRUE,TRUE,TRUE,TRUE,TRUE,TRUE,TRUE,TRUE,TRUE,TRUE,TRUE,FALSE,TRUE,TRUE,TRUE,TRUE,TRUE,TRUE,TRUE,TRUE,TRUE,5,4,3,4,4,3,3,4,4,5,3,4,4,3,4,5,4,3,4,3,5,4,4,4,5,5,5,4,2,1,4,28.64751785,27.58277561
372642,0015250136_0001_001.jpg,1,1,58,2,8,9,2,7,8,11,FALSE,FALSE,FALSE,FALSE,FALSE,FALSE,TRUE,FALSE,FALSE,FALSE,FALSE,FALSE,FALSE,FALSE,FALSE,FALSE,FALSE,FALSE,FALSE,FALSE,FALSE,FALSE,FALSE,FALSE,FALSE,FALSE,FALSE,FALSE,FALSE,FALSE,FALSE,FALSE,FALSE,FALSE,FALSE,FALSE,FALSE,TRUE,6,6,6,2,6,5,6,3,3,2,5,2,2,1,3,2,2,2,2,2,4,3,1,1,2,2,2,1,2,2,3,2.585528818,1.368022001
419344,0015192554_0001_001.jpg,1,1,51,5,10,7,5,1,10,17,TRUE,TRUE,TRUE,TRUE,TRUE,TRUE,TRUE,TRUE,TRUE,TRUE,TRUE,TRUE,TRUE,TRUE,TRUE,TRUE,TRUE,TRUE,TRUE,TRUE,TRUE,TRUE,TRUE,TRUE,TRUE,TRUE,TRUE,TRUE,FALSE,TRUE,TRUE,TRUE,TRUE,TRUE,TRUE,TRUE,TRUE,TRUE,3,3,3,3,3,4,5,4,6,4,3,3,3,2,3,3,4,4,4,4,4,3,3,4,4,1,2,2,3,1,2,2.709466018,5.585580207
466366,0015192819_0001_001.jpg,2,1,44,1,3,3,1,7,3,6,TRUE,FALSE,TRUE,TRUE,TRUE,FALSE,TRUE,FALSE,FALSE,FALSE,FALSE,TRUE,FALSE,TRUE,FALSE,FALSE,FALSE,TRUE,FALSE,TRUE,FALSE,FALSE,FALSE,FALSE,FALSE,FALSE,FALSE,FALSE,FALSE,FALSE,FALSE,FALSE,FALSE,FALSE,FALSE,FALSE,FALSE,FALSE,3,3,3,2,2,2,3,4,3,3,3,2,4,1,3,2,3,3,3,3,3,3,3,5,2,2,2,1,3,1,3,22.26754216,30.95279635
468641,0015192741_0001_001.jpg,1,1,61,2,7,4,2,1,7,13,TRUE,FALSE,FALSE,FALSE,TRUE,TRUE,TRUE,TRUE,FALSE,FALSE,FALSE,FALSE,FALSE,TRUE,FALSE,FALSE,FALSE,FALSE,FALSE,FALSE,TRUE,FALSE,FALSE,FALSE,FALSE,FALSE,FALSE,FALSE,TRUE,FALSE,FALSE,FALSE,FALSE,FALSE,TRUE,FALSE,FALSE,TRUE,2,2,2,2,3,5,3,2,3,3,3,2,4,2,3,3,3,2,3,3,3,2,3,3,3,3,2,2,4,3,3,23.45383403,32.74525063
518439,0015192867_0001_001.jpg,2,1,57,2,1,1,2,5,1,3,TRUE,TRUE,TRUE,TRUE,TRUE,TRUE,TRUE,TRUE,FALSE,TRUE,TRUE,TRUE,TRUE,TRUE,TRUE,TRUE,TRUE,TRUE,TRUE,TRUE,TRUE,TRUE,TRUE,TRUE,TRUE,TRUE,TRUE,TRUE,TRUE,TRUE,TRUE,TRUE,TRUE,TRUE,TRUE,TRUE,TRUE,TRUE,2,2,2,3,3,3,4,3,3,4,4,5,3,4,4,3,3,4,4,3,6,3,4,3,2,2,2,1,2,2,3,96.57771086,87.10172837
623769,0015192712_0001_001.jpg,1,1,50,4,6,6,4,7,6,13,FALSE,FALSE,TRUE,FALSE,TRUE,TRUE,FALSE,FALSE,FALSE,FALSE,FALSE,FALSE,FALSE,TRUE,FALSE,FALSE,FALSE,FALSE,FALSE,FALSE,TRUE,FALSE,FALSE,FALSE,FALSE,FALSE,FALSE,FALSE,TRUE,FALSE,TRUE,FALSE,FALSE,FALSE,FALSE,FALSE,FALSE,FALSE,4,4,4,4,4,4,4,4,4,4,4,4,4,4,4,4,4,4,4,4,4,4,4,4,3,2,2,1,4,3,3,21.96839191,33.53060368
774995,0015212087_0001_001.jpg,1,1,54,2,7,8,2,7,7,16,TRUE,TRUE,TRUE,TRUE,TRUE,TRUE,TRUE,TRUE,TRUE,TRUE,TRUE,TRUE,TRUE,TRUE,TRUE,TRUE,TRUE,TRUE,TRUE,TRUE,TRUE,TRUE,TRUE,TRUE,TRUE,TRUE,TRUE,TRUE,TRUE,TRUE,TRUE,TRUE,TRUE,TRUE,TRUE,TRUE,TRUE,TRUE,2,2,3,2,6,6,3,4,5,4,2,4,5,3,2,2,3,3,2,4,3,2,2,4,5,2,3,1,4,3,4,33.34469247,31.92211191
785851,0015192613_0001_001.jpg,2,1,56,2,6,4,2,5,6,7,TRUE,TRUE,TRUE,TRUE,TRUE,TRUE,TRUE,TRUE,FALSE,TRUE,TRUE,TRUE,TRUE,TRUE,TRUE,TRUE,TRUE,TRUE,TRUE,TRUE,TRUE,TRUE,TRUE,TRUE,TRUE,TRUE,TRUE,TRUE,TRUE,TRUE,TRUE,TRUE,TRUE,TRUE,TRUE,TRUE,TRUE,TRUE,3,3,2,4,4,3,5,3,5,5,4,2,4,1,3,2,4,4,1,4,3,2,3,4,4,2,1,1,2,3,1,40.38828473,46.02285525
880808,0015211828_0001_001.jpg,1,1,66,2,10,7,2,4,10,13,TRUE,FALSE,TRUE,TRUE,TRUE,TRUE,TRUE,FALSE,FALSE,TRUE,TRUE,TRUE,TRUE,TRUE,FALSE,TRUE,TRUE,TRUE,TRUE,TRUE,TRUE,TRUE,TRUE,TRUE,TRUE,TRUE,TRUE,TRUE,FALSE,TRUE,TRUE,TRUE,TRUE,TRUE,TRUE,TRUE,TRUE,TRUE,1,1,2,2,4,6,3,6,3,2,1,2,6,2,3,2,2,2,3,2,5,2,2,6,3,3,5,3,3,3,3,0.012765209,4.608310017
906570,0015192799_0001_001.jpg,1,1,46,4,4,4,4,7,4,7,FALSE,FALSE,TRUE,TRUE,TRUE,TRUE,TRUE,TRUE,FALSE,FALSE,FALSE,FALSE,FALSE,TRUE,FALSE,TRUE,FALSE,FALSE,FALSE,FALSE,FALSE,FALSE,FALSE,FALSE,FALSE,FALSE,FALSE,FALSE,FALSE,FALSE,FALSE,FALSE,FALSE,FALSE,FALSE,FALSE,FALSE,FALSE,1,1,1,3,4,5,4,3,3,3,4,4,4,3,2,2,3,3,3,5,3,4,4,4,3,4,2,2,3,4,4,33.38656002,28.48852651
925005,0015193301_0001_001.jpg,2,1,65,1,6,6,1,4,6,15,TRUE,FALSE,TRUE,TRUE,FALSE,FALSE,TRUE,TRUE,FALSE,FALSE,FALSE,FALSE,FALSE,TRUE,FALSE,FALSE,FALSE,TRUE,FALSE,FALSE,FALSE,FALSE,FALSE,TRUE,FALSE,FALSE,FALSE,FALSE,FALSE,FALSE,FALSE,FALSE,FALSE,FALSE,FALSE,FALSE,FALSE,FALSE,4,4,4,4,3,4,5,4,5,4,4,4,4,4,4,3,4,4,3,3,4,3,3,4,4,3,3,1,2,2,3,53.20557031,58.13507325
1164721,0015193175_0001_001.jpg,2,1,49,6,9,8,6,2,9,6,FALSE,FALSE,TRUE,TRUE,TRUE,TRUE,TRUE,TRUE,TRUE,FALSE,TRUE,TRUE,TRUE,TRUE,TRUE,TRUE,TRUE,TRUE,TRUE,TRUE,TRUE,TRUE,TRUE,TRUE,TRUE,TRUE,TRUE,TRUE,FALSE,TRUE,TRUE,TRUE,TRUE,TRUE,TRUE,TRUE,TRUE,TRUE,5,5,4,3,5,3,4,4,4,5,4,4,5,3,4,4,4,5,4,4,4,5,5,4,3,4,3,3,2,2,3,15.32081127,17.16595954
1438538,0015192798_0001_001.jpg,1,1,45,1,4,3,1,7,4,12,TRUE,FALSE,FALSE,FALSE,FALSE,TRUE,TRUE,TRUE,FALSE,FALSE,FALSE,FALSE,FALSE,TRUE,FALSE,TRUE,FALSE,FALSE,FALSE,FALSE,TRUE,FALSE,FALSE,FALSE,FALSE,FALSE,FALSE,TRUE,FALSE,FALSE,FALSE,FALSE,FALSE,FALSE,FALSE,FALSE,FALSE,FALSE,3,3,2,5,3,3,6,4,6,3,5,5,2,2,6,3,3,3,2,6,7,4,2,2,2,2,2,1,4,3,4,44.28084355,43.32204916
1514611,0015192621_0001_001.jpg,1,1,57,6,9,9,6,7,9,20,TRUE,TRUE,TRUE,TRUE,TRUE,TRUE,TRUE,TRUE,TRUE,TRUE,TRUE,TRUE,TRUE,TRUE,TRUE,TRUE,TRUE,TRUE,TRUE,TRUE,TRUE,TRUE,TRUE,TRUE,TRUE,TRUE,TRUE,TRUE,FALSE,TRUE,TRUE,TRUE,TRUE,TRUE,TRUE,TRUE,TRUE,TRUE,3,3,2,2,2,4,3,3,4,2,3,2,2,2,3,3,3,3,3,4,4,3,3,3,4,2,4,1,3,3,4,10.85780035,17.13727686
1620216,0015193029_0001_001.jpg,2,1,78,6,5,4,6,3,5,6,TRUE,FALSE,FALSE,FALSE,TRUE,TRUE,FALSE,TRUE,FALSE,FALSE,FALSE,FALSE,FALSE,FALSE,FALSE,FALSE,FALSE,FALSE,FALSE,FALSE,FALSE,FALSE,FALSE,FALSE,FALSE,FALSE,FALSE,FALSE,FALSE,FALSE,FALSE,FALSE,FALSE,FALSE,FALSE,FALSE,FALSE,FALSE,1,4,4,4,4,4,4,4,4,4,4,4,4,4,4,4,4,4,4,4,2,4,4,4,1,1,1,1,1,1,1,14.23050928,14.2954413
2250526,0015192473_0001_001.jpg,1,1,68,2,8,6,2,5,8,13,TRUE,FALSE,TRUE,TRUE,TRUE,FALSE,TRUE,TRUE,FALSE,FALSE,TRUE,TRUE,TRUE,TRUE,FALSE,TRUE,TRUE,TRUE,TRUE,TRUE,TRUE,FALSE,FALSE,FALSE,FALSE,FALSE,TRUE,TRUE,TRUE,TRUE,TRUE,TRUE,TRUE,FALSE,TRUE,TRUE,TRUE,TRUE,3,3,5,4,5,5,4,2,4,4,2,4,4,2,3,3,4,4,2,4,4,3,1,4,2,2,3,1,4,3,3,55.5281792,69.73814098
2381768,0015192530_0001_001.jpg,1,1,66,2,9,6,2,7,9,14,TRUE,FALSE,TRUE,TRUE,FALSE,TRUE,TRUE,FALSE,TRUE,FALSE,FALSE,FALSE,TRUE,TRUE,FALSE,FALSE,FALSE,FALSE,FALSE,FALSE,FALSE,FALSE,FALSE,FALSE,FALSE,FALSE,TRUE,FALSE,FALSE,FALSE,FALSE,FALSE,FALSE,FALSE,TRUE,FALSE,FALSE,TRUE,3,3,2,5,2,4,5,4,6,4,2,1,2,2,4,3,3,2,1,1,4,3,3,4,2,2,2,1,1,1,1,40.2283983,51.84001242
2567071,0015192588_0001_001.jpg,1,1,66,8,9,9,8,7,9,16,TRUE,FALSE,FALSE,FALSE,FALSE,FALSE,FALSE,FALSE,FALSE,FALSE,FALSE,FALSE,FALSE,FALSE,FALSE,FALSE,FALSE,FALSE,FALSE,FALSE,FALSE,FALSE,FALSE,FALSE,FALSE,FALSE,FALSE,FALSE,FALSE,FALSE,FALSE,FALSE,FALSE,FALSE,FALSE,FALSE,FALSE,FALSE,4,4,3,4,2,2,5,4,4,2,3,2,1,1,4,2,3,3,3,5,4,2,2,4,4,5,5,1,3,2,4,24.14249102,29.07372577
2719379,0015192921_0001_001.jpg,1,1,53,6,1,6,6,7,1,7,FALSE,FALSE,FALSE,FALSE,FALSE,FALSE,TRUE,FALSE,FALSE,FALSE,FALSE,FALSE,FALSE,TRUE,FALSE,TRUE,FALSE,FALSE,FALSE,FALSE,FALSE,FALSE,FALSE,FALSE,FALSE,FALSE,FALSE,FALSE,FALSE,FALSE,FALSE,FALSE,FALSE,FALSE,FALSE,FALSE,FALSE,FALSE,1,1,1,1,7,7,1,1,2,2,2,6,7,1,1,1,2,2,2,2,6,2,2,6,3,2,3,2,2,2,3,1.795389756,10.87916956
2774132,0015192866_0001_001.jpg,2,1,47,3,7,4,3,5,7,6,TRUE,FALSE,TRUE,TRUE,TRUE,FALSE,TRUE,TRUE,TRUE,FALSE,TRUE,TRUE,TRUE,TRUE,FALSE,FALSE,FALSE,FALSE,FALSE,FALSE,TRUE,FALSE,FALSE,FALSE,FALSE,FALSE,TRUE,FALSE,FALSE,FALSE,TRUE,FALSE,FALSE,FALSE,FALSE,FALSE,FALSE,TRUE,2,3,2,1,1,4,1,6,2,2,6,1,1,1,2,1,3,2,1,2,5,1,2,1,3,2,3,2,2,2,3,18.69401257,18.16224294
3041191,0015192810_0001_001.jpg,2,1,59,2,8,8,2,5,8,16,TRUE,FALSE,TRUE,FALSE,FALSE,TRUE,TRUE,TRUE,FALSE,FALSE,TRUE,TRUE,FALSE,TRUE,FALSE,TRUE,FALSE,FALSE,FALSE,FALSE,TRUE,FALSE,FALSE,FALSE,FALSE,FALSE,FALSE,FALSE,FALSE,FALSE,TRUE,TRUE,TRUE,FALSE,TRUE,FALSE,FALSE,TRUE,3,3,3,2,3,5,5,4,3,2,5,3,5,3,3,3,3,3,3,3,3,3,2,3,3,3,2,1,2,2,3,46.40602858,46.52245673
3046342,0015193017_0001_001.jpg,1,1,57,3,5,7,3,6,5,15,TRUE,FALSE,TRUE,TRUE,TRUE,FALSE,TRUE,FALSE,TRUE,FALSE,TRUE,TRUE,TRUE,TRUE,TRUE,FALSE,FALSE,FALSE,FALSE,TRUE,TRUE,TRUE,TRUE,TRUE,TRUE,FALSE,FALSE,TRUE,FALSE,TRUE,TRUE,TRUE,TRUE,FALSE,TRUE,TRUE,TRUE,TRUE,2,3,1,5,2,4,4,6,5,4,2,5,5,4,4,4,3,3,2,3,4,2,3,5,3,4,3,1,3,3,3,37.13795626,42.62668014
3081386,0015192967_0001_001.jpg,2,1,47,1,6,3,1,7,6,0,FALSE,FALSE,TRUE,TRUE,FALSE,FALSE,TRUE,FALSE,TRUE,FALSE,FALSE,FALSE,FALSE,TRUE,FALSE,FALSE,FALSE,FALSE,FALSE,FALSE,FALSE,FALSE,FALSE,FALSE,FALSE,FALSE,FALSE,FALSE,TRUE,FALSE,TRUE,FALSE,FALSE,FALSE,FALSE,FALSE,TRUE,FALSE,3,3,5,4,4,4,4,3,4,5,5,3,4,4,4,4,5,4,4,4,4,4,4,5,2,2,2,1,2,3,3,21.72464255,24.31668176
3122591,0015252253_0001_001.jpg,1,1,58,6,9,8,6,5,9,14,FALSE,FALSE,TRUE,TRUE,FALSE,FALSE,FALSE,TRUE,FALSE,FALSE,FALSE,FALSE,FALSE,TRUE,FALSE,TRUE,FALSE,FALSE,FALSE,FALSE,FALSE,FALSE,FALSE,FALSE,FALSE,FALSE,FALSE,FALSE,FALSE,FALSE,TRUE,FALSE,FALSE,FALSE,TRUE,TRUE,FALSE,TRUE,3,3,3,3,5,5,3,3,3,3,3,5,5,3,3,3,3,3,3,3,5,3,3,5,3,4,2,1,2,2,4,1.890696685,2.101785115
3197638,0015192795_0001_001.jpg,2,1,49,2,7,6,2,5,7,7,TRUE,FALSE,TRUE,TRUE,TRUE,TRUE,TRUE,FALSE,FALSE,TRUE,TRUE,TRUE,TRUE,TRUE,FALSE,FALSE,TRUE,TRUE,FALSE,TRUE,TRUE,FALSE,FALSE,FALSE,FALSE,FALSE,TRUE,FALSE,FALSE,TRUE,TRUE,TRUE,TRUE,FALSE,TRUE,TRUE,TRUE,TRUE,2,2,2,2,5,5,1,5,4,4,3,5,6,2,4,3,3,3,4,4,5,4,3,4,3,4,4,4,4,3,3,47.73695797,53.73761008
3448501,0015206762_0001_001.jpg,1,1,57,25,9,9,25,5,9,10,TRUE,TRUE,TRUE,TRUE,TRUE,TRUE,TRUE,TRUE,TRUE,TRUE,TRUE,TRUE,TRUE,TRUE,TRUE,TRUE,TRUE,TRUE,TRUE,TRUE,TRUE,TRUE,TRUE,TRUE,TRUE,TRUE,TRUE,TRUE,TRUE,TRUE,TRUE,TRUE,TRUE,TRUE,TRUE,TRUE,TRUE,TRUE,3,3,4,5,4,4,5,4,5,5,5,4,3,2,4,3,4,4,2,6,4,2,2,3,3,3,3,2,3,3,4,1.546502827,16.21874929
3484404,0015193258_0001_001.jpg,2,1,53,2,7,7,2,5,7,18,TRUE,TRUE,TRUE,TRUE,TRUE,TRUE,TRUE,TRUE,TRUE,TRUE,TRUE,TRUE,TRUE,TRUE,TRUE,TRUE,TRUE,TRUE,TRUE,TRUE,TRUE,TRUE,TRUE,TRUE,TRUE,TRUE,TRUE,TRUE,TRUE,TRUE,TRUE,TRUE,TRUE,TRUE,TRUE,TRUE,TRUE,TRUE,3,3,3,4,3,3,5,4,4,4,3,3,4,5,4,3,5,5,5,4,3,5,5,1,5,3,4,3,4,5,4,59.89723379,67.57047313
3506860,0015192725_0001_001.jpg,2,2,45,1,4,3,1,7,4,8,TRUE,FALSE,TRUE,TRUE,TRUE,TRUE,TRUE,TRUE,FALSE,TRUE,TRUE,TRUE,FALSE,TRUE,FALSE,TRUE,TRUE,TRUE,FALSE,TRUE,TRUE,TRUE,FALSE,FALSE,FALSE,FALSE,FALSE,TRUE,FALSE,TRUE,TRUE,TRUE,TRUE,FALSE,TRUE,TRUE,TRUE,TRUE,6,6,2,2,3,3,4,2,2,2,5,2,4,1,2,2,2,2,2,2,4,3,1,2,3,3,4,2,5,3,4,41.98766739,47.0865926
3613453,0015192975_0001_001.jpg,2,2,40,1,1,1,1,6,1,2,FALSE,FALSE,FALSE,FALSE,FALSE,FALSE,FALSE,FALSE,TRUE,FALSE,FALSE,FALSE,FALSE,FALSE,FALSE,FALSE,FALSE,FALSE,FALSE,FALSE,TRUE,FALSE,FALSE,FALSE,FALSE,FALSE,TRUE,FALSE,FALSE,FALSE,FALSE,FALSE,FALSE,FALSE,FALSE,FALSE,FALSE,TRUE,1,1,1,1,7,7,1,1,1,1,1,7,7,1,1,1,1,1,1,1,7,1,1,7,2,1,2,1,2,1,3,13.9200931,14.29332525
3858252,0015268668_0001_001.jpg,1,1,57,11,8,9,11,5,8,16,FALSE,FALSE,FALSE,FALSE,FALSE,FALSE,FALSE,FALSE,TRUE,FALSE,FALSE,FALSE,FALSE,FALSE,FALSE,TRUE,FALSE,FALSE,FALSE,FALSE,FALSE,FALSE,FALSE,FALSE,FALSE,FALSE,FALSE,FALSE,TRUE,FALSE,TRUE,FALSE,FALSE,FALSE,FALSE,FALSE,FALSE,FALSE,3,3,3,2,5,5,2,3,3,2,3,5,5,3,3,3,3,3,2,3,5,3,3,5,2,1,2,1,2,2,2,2.605887456,2.348536829
3911807,0015192643_0001_001.jpg,1,1,50,7,8,7,7,7,8,15,TRUE,TRUE,TRUE,TRUE,TRUE,TRUE,TRUE,FALSE,FALSE,TRUE,TRUE,TRUE,TRUE,TRUE,TRUE,TRUE,TRUE,TRUE,TRUE,TRUE,TRUE,TRUE,TRUE,TRUE,TRUE,TRUE,TRUE,TRUE,TRUE,TRUE,TRUE,TRUE,TRUE,TRUE,TRUE,TRUE,TRUE,TRUE,3,3,2,2,4,3,2,4,3,3,1,2,1,1,2,3,3,4,3,4,4,4,4,4,2,1,2,1,2,2,3,0.923707903,5.747416498
3982386,0015192745_0001_001.jpg,2,1,30,1,6,6,1,5,6,13,TRUE,FALSE,FALSE,FALSE,FALSE,TRUE,TRUE,TRUE,FALSE,FALSE,FALSE,FALSE,FALSE,TRUE,FALSE,FALSE,FALSE,FALSE,FALSE,FALSE,TRUE,FALSE,FALSE,FALSE,FALSE,FALSE,FALSE,FALSE,FALSE,FALSE,TRUE,FALSE,TRUE,FALSE,FALSE,FALSE,FALSE,FALSE,3,2,1,1,2,5,3,3,2,1,5,3,4,4,5,3,4,5,2,2,4,6,5,3,2,2,2,1,3,3,3,27.22452335,42.65285113
4010698,0015192590_0001_001.jpg,1,1,44,2,9,4,2,7,9,9,TRUE,FALSE,TRUE,FALSE,FALSE,FALSE,FALSE,FALSE,TRUE,FALSE,FALSE,FALSE,FALSE,TRUE,FALSE,TRUE,FALSE,FALSE,FALSE,FALSE,FALSE,FALSE,FALSE,FALSE,FALSE,FALSE,TRUE,FALSE,FALSE,FALSE,FALSE,FALSE,FALSE,FALSE,FALSE,FALSE,FALSE,FALSE,3,4,4,5,3,4,4,4,2,3,2,2,3,4,4,4,3,4,3,3,4,3,3,6,2,2,2,1,2,2,3,9.43075975,11.78437068
4036573,0015192538_0001_001.jpg,2,1,53,8,8,3,8,5,8,11,TRUE,FALSE,TRUE,FALSE,TRUE,FALSE,TRUE,FALSE,FALSE,FALSE,FALSE,FALSE,FALSE,FALSE,FALSE,FALSE,FALSE,FALSE,FALSE,FALSE,FALSE,FALSE,FALSE,FALSE,FALSE,FALSE,FALSE,FALSE,FALSE,FALSE,TRUE,FALSE,FALSE,FALSE,FALSE,FALSE,FALSE,FALSE,1,1,3,5,2,2,2,2,6,2,1,6,5,1,2,1,2,3,3,4,3,2,2,2,1,1,1,1,1,1,1,16.69166125,22.23267018
4196324,0015259976_0001_001.jpg,2,2,49,1,6,5,1,7,6,4,FALSE,FALSE,TRUE,FALSE,FALSE,FALSE,FALSE,FALSE,FALSE,FALSE,FALSE,FALSE,FALSE,FALSE,TRUE,FALSE,FALSE,FALSE,FALSE,FALSE,FALSE,FALSE,FALSE,FALSE,FALSE,FALSE,FALSE,FALSE,FALSE,FALSE,FALSE,FALSE,FALSE,FALSE,FALSE,FALSE,FALSE,FALSE,3,3,3,3,3,4,3,4,4,4,3,5,2,6,4,6,4,4,6,4,5,6,2,5,2,3,3,1,2,2,3,38.6994668,39.79388219
4510853,0015193267_0001_001.jpg,1,1,47,7,8,6,7,7,8,19,TRUE,FALSE,TRUE,TRUE,TRUE,TRUE,TRUE,FALSE,TRUE,FALSE,FALSE,TRUE,FALSE,TRUE,TRUE,TRUE,FALSE,TRUE,FALSE,TRUE,TRUE,FALSE,FALSE,FALSE,FALSE,FALSE,FALSE,FALSE,TRUE,FALSE,FALSE,FALSE,FALSE,FALSE,FALSE,FALSE,FALSE,FALSE,3,3,2,3,4,3,3,3,3,4,4,4,4,3,4,4,4,4,3,3,4,3,1,4,2,2,2,2,2,1,3,13.66397444,19.89828293
4534015,0015192828_0001_001.jpg,1,1,33,1,8,6,1,7,8,11,TRUE,TRUE,TRUE,TRUE,TRUE,TRUE,TRUE,TRUE,TRUE,TRUE,TRUE,TRUE,TRUE,TRUE,TRUE,TRUE,TRUE,TRUE,TRUE,TRUE,TRUE,TRUE,TRUE,TRUE,TRUE,TRUE,TRUE,TRUE,TRUE,TRUE,TRUE,TRUE,TRUE,TRUE,TRUE,TRUE,TRUE,TRUE,5,5,5,5,3,3,5,4,2,4,3,5,5,4,4,3,3,4,4,4,4,3,3,5,2,1,2,1,2,1,3,0.182044032,2.207598557
4736496,0015192675_0001_001.jpg,1,1,48,2,9,6,2,5,9,14,FALSE,FALSE,TRUE,TRUE,FALSE,FALSE,TRUE,FALSE,FALSE,FALSE,FALSE,FALSE,FALSE,FALSE,FALSE,TRUE,FALSE,TRUE,FALSE,FALSE,FALSE,FALSE,FALSE,FALSE,FALSE,FALSE,FALSE,FALSE,FALSE,FALSE,FALSE,FALSE,FALSE,FALSE,FALSE,FALSE,FALSE,FALSE,4,4,4,4,4,4,3,4,4,4,4,4,5,4,4,4,3,3,4,4,4,4,4,4,3,3,2,2,1,2,3,18.11513928,25.3060262
4753816,0015193035_0001_001.jpg,2,1,52,4,11,7,4,5,11,9,TRUE,FALSE,FALSE,FALSE,FALSE,TRUE,FALSE,FALSE,TRUE,FALSE,FALSE,FALSE,FALSE,FALSE,FALSE,FALSE,FALSE,FALSE,FALSE,FALSE,FALSE,FALSE,FALSE,FALSE,FALSE,FALSE,FALSE,FALSE,TRUE,FALSE,FALSE,FALSE,FALSE,FALSE,FALSE,FALSE,FALSE,FALSE,4,4,4,4,5,5,3,4,3,3,4,3,3,5,3,5,5,5,5,3,4,4,5,5,3,1,3,2,2,2,3,45.80560438,49.69724893
4766441,0015192524_0001_001.jpg,1,1,42,3,9,6,3,7,9,6,FALSE,FALSE,TRUE,TRUE,FALSE,FALSE,TRUE,TRUE,FALSE,FALSE,FALSE,FALSE,FALSE,TRUE,FALSE,FALSE,FALSE,FALSE,TRUE,FALSE,TRUE,FALSE,FALSE,FALSE,FALSE,TRUE,FALSE,FALSE,TRUE,TRUE,FALSE,FALSE,FALSE,FALSE,TRUE,FALSE,FALSE,FALSE,4,4,4,3,4,4,4,4,4,4,4,3,4,4,4,4,4,4,4,3,4,4,4,4,3,3,3,1,3,3,3,37.29919527,35.59464819
4846104,0015193355_0001_001.jpg,2,1,47,2,8,4,2,3,8,7,TRUE,FALSE,FALSE,FALSE,FALSE,FALSE,TRUE,FALSE,FALSE,FALSE,FALSE,FALSE,FALSE,FALSE,FALSE,TRUE,FALSE,FALSE,FALSE,FALSE,FALSE,FALSE,FALSE,FALSE,FALSE,FALSE,FALSE,FALSE,FALSE,FALSE,TRUE,FALSE,FALSE,FALSE,FALSE,FALSE,FALSE,FALSE,3,3,3,3,3,3,3,3,3,3,3,3,4,2,3,3,3,3,3,3,5,3,3,3,3,2,2,2,3,3,3,20.42652613,23.74691146
4906879,0015192934_0001_001.jpg,2,1,68,3,6,6,3,7,6,3,TRUE,FALSE,FALSE,FALSE,FALSE,FALSE,FALSE,FALSE,FALSE,FALSE,FALSE,FALSE,FALSE,FALSE,FALSE,FALSE,FALSE,FALSE,FALSE,FALSE,FALSE,FALSE,FALSE,FALSE,FALSE,FALSE,FALSE,FALSE,TRUE,FALSE,FALSE,FALSE,FALSE,FALSE,FALSE,FALSE,TRUE,FALSE,4,4,4,4,4,4,4,4,4,4,4,4,4,4,4,4,4,4,4,4,4,4,4,4,4,2,3,2,3,3,3,31.18684345,47.49895879
4933688,0015268740_0001_001.jpg,1,1,60,1,6,7,1,1,6,11,FALSE,FALSE,TRUE,TRUE,TRUE,TRUE,TRUE,TRUE,TRUE,TRUE,TRUE,TRUE,TRUE,TRUE,TRUE,TRUE,TRUE,TRUE,TRUE,TRUE,TRUE,TRUE,TRUE,TRUE,TRUE,TRUE,TRUE,TRUE,TRUE,TRUE,TRUE,TRUE,TRUE,TRUE,TRUE,TRUE,TRUE,TRUE,2,5,5,3,5,5,3,3,3,3,3,5,5,3,3,3,3,3,3,3,4,3,3,4,3,3,4,2,5,3,4,30.25830179,38.07205278
5046522,0015192585_0001_001.jpg,1,1,43,2,9,7,2,7,9,12,TRUE,FALSE,FALSE,FALSE,FALSE,FALSE,FALSE,TRUE,FALSE,FALSE,FALSE,FALSE,FALSE,FALSE,FALSE,FALSE,FALSE,FALSE,FALSE,FALSE,FALSE,FALSE,FALSE,FALSE,FALSE,FALSE,FALSE,FALSE,FALSE,FALSE,FALSE,FALSE,FALSE,FALSE,FALSE,FALSE,FALSE,FALSE,1,1,1,2,3,2,6,5,4,1,4,2,4,1,1,2,1,2,1,1,2,1,1,7,3,2,2,1,1,2,1,9.897016262,19.01060403
5117241,0015192670_0001_001.jpg,1,1,52,2,9,6,2,6,9,6,FALSE,FALSE,TRUE,FALSE,FALSE,TRUE,TRUE,TRUE,FALSE,FALSE,FALSE,FALSE,FALSE,TRUE,FALSE,FALSE,FALSE,FALSE,FALSE,FALSE,FALSE,FALSE,FALSE,FALSE,FALSE,FALSE,FALSE,FALSE,FALSE,FALSE,FALSE,FALSE,FALSE,FALSE,FALSE,FALSE,FALSE,FALSE,3,3,3,5,6,4,4,4,2,4,4,5,6,5,3,5,3,3,3,2,5,3,4,3,2,1,2,1,2,2,2,0.114476003,0.206749886
5239518,0015192696_0001_001.jpg,2,1,44,1,1,1,1,2,1,1,TRUE,FALSE,FALSE,FALSE,FALSE,FALSE,TRUE,FALSE,FALSE,FALSE,FALSE,FALSE,FALSE,TRUE,FALSE,FALSE,TRUE,FALSE,FALSE,FALSE,TRUE,FALSE,FALSE,FALSE,FALSE,FALSE,FALSE,FALSE,FALSE,FALSE,FALSE,FALSE,FALSE,FALSE,FALSE,FALSE,FALSE,TRUE,3,5,2,2,7,5,4,3,2,3,4,3,4,3,4,3,5,4,2,4,4,3,3,4,4,4,4,5,2,2,3,22.38021185,32.91696666
5304310,0015203277_0001_001.jpg,1,1,72,4,6,7,4,7,6,11,TRUE,FALSE,TRUE,TRUE,TRUE,TRUE,TRUE,FALSE,FALSE,FALSE,TRUE,TRUE,TRUE,TRUE,TRUE,TRUE,TRUE,TRUE,TRUE,TRUE,TRUE,TRUE,TRUE,TRUE,TRUE,TRUE,TRUE,TRUE,TRUE,TRUE,TRUE,TRUE,TRUE,TRUE,TRUE,TRUE,TRUE,TRUE,3,2,7,6,4,5,6,6,5,6,1,2,2,1,5,1,6,5,1,5,4,2,3,5,4,4,3,4,4,4,4,5.989085007,17.74466411
5490608,0015192790_0001_001.jpg,1,1,60,2,10,5,2,7,10,11,TRUE,TRUE,TRUE,TRUE,TRUE,TRUE,TRUE,TRUE,FALSE,TRUE,TRUE,TRUE,TRUE,TRUE,TRUE,TRUE,TRUE,TRUE,TRUE,TRUE,TRUE,TRUE,TRUE,TRUE,TRUE,TRUE,TRUE,TRUE,TRUE,TRUE,TRUE,TRUE,TRUE,TRUE,TRUE,TRUE,TRUE,TRUE,2,2,2,2,1,1,6,7,5,4,6,1,1,1,6,2,4,6,2,3,4,2,2,2,4,4,4,1,5,5,5,20.0518693,26.79554901
5632321,0015192978_0001_001.jpg,1,1,73,2,4,5,2,2,4,9,FALSE,FALSE,FALSE,FALSE,FALSE,FALSE,TRUE,FALSE,TRUE,FALSE,FALSE,FALSE,FALSE,TRUE,FALSE,FALSE,FALSE,FALSE,FALSE,FALSE,FALSE,FALSE,FALSE,FALSE,FALSE,FALSE,FALSE,FALSE,FALSE,FALSE,FALSE,FALSE,FALSE,FALSE,FALSE,FALSE,FALSE,FALSE,3,4,4,5,3,2,4,3,4,4,5,3,2,2,3,3,4,4,2,4,4,3,2,4,1,1,1,1,1,2,1,9.412340125,12.36406753
5664745,0015192893_0001_001.jpg,1,1,59,4,10,9,4,5,10,19,TRUE,FALSE,TRUE,TRUE,TRUE,TRUE,TRUE,TRUE,TRUE,TRUE,TRUE,TRUE,TRUE,TRUE,TRUE,TRUE,TRUE,TRUE,TRUE,TRUE,TRUE,TRUE,TRUE,TRUE,TRUE,TRUE,TRUE,TRUE,TRUE,TRUE,TRUE,TRUE,TRUE,TRUE,TRUE,TRUE,TRUE,TRUE,2,3,2,3,5,6,2,2,5,2,4,2,4,5,4,3,4,4,2,6,4,3,2,3,2,1,3,1,2,2,3,2.630098551,2.050417356
5841203,0015192945_0001_001.jpg,2,1,43,1,4,3,1,5,4,9,TRUE,FALSE,TRUE,TRUE,TRUE,TRUE,TRUE,TRUE,TRUE,TRUE,TRUE,TRUE,FALSE,TRUE,TRUE,TRUE,TRUE,TRUE,FALSE,TRUE,TRUE,TRUE,FALSE,FALSE,TRUE,TRUE,TRUE,TRUE,FALSE,TRUE,TRUE,TRUE,TRUE,TRUE,TRUE,TRUE,TRUE,TRUE,3,3,3,2,5,6,4,2,4,3,4,5,5,2,3,3,4,3,3,2,4,2,2,3,2,2,3,1,3,3,3,44.27813992,50.64697069
5884423,0015193189_0001_001.jpg,2,1,37,1,1,1,1,2,1,4,TRUE,TRUE,TRUE,TRUE,TRUE,TRUE,TRUE,FALSE,TRUE,TRUE,TRUE,TRUE,FALSE,TRUE,TRUE,TRUE,TRUE,TRUE,TRUE,TRUE,TRUE,TRUE,TRUE,TRUE,TRUE,FALSE,TRUE,TRUE,TRUE,TRUE,TRUE,TRUE,TRUE,TRUE,TRUE,TRUE,TRUE,TRUE,2,2,2,5,6,6,3,3,6,5,5,1,2,6,6,6,3,4,6,5,4,6,6,3,4,4,5,3,2,4,1,20.79495685,20.95766099
6067668,0015192928_0001_001.jpg,1,1,67,10,9,7,10,7,9,17,TRUE,FALSE,FALSE,FALSE,FALSE,FALSE,FALSE,FALSE,FALSE,FALSE,FALSE,FALSE,FALSE,FALSE,FALSE,TRUE,FALSE,FALSE,FALSE,FALSE,FALSE,FALSE,FALSE,FALSE,FALSE,FALSE,FALSE,FALSE,FALSE,FALSE,FALSE,FALSE,FALSE,FALSE,FALSE,FALSE,FALSE,FALSE,3,3,3,4,4,4,4,4,4,4,3,2,3,3,4,4,4,4,3,3,4,3,3,3,2,3,2,2,3,2,3,28.7697503,36.73464437
6093135,0015192525_0001_001.jpg,2,1,54,2,4,2,2,1,4,6,TRUE,FALSE,TRUE,TRUE,TRUE,TRUE,TRUE,TRUE,FALSE,TRUE,TRUE,TRUE,FALSE,TRUE,TRUE,FALSE,TRUE,TRUE,FALSE,TRUE,TRUE,TRUE,TRUE,TRUE,TRUE,TRUE,TRUE,TRUE,FALSE,TRUE,TRUE,TRUE,TRUE,TRUE,TRUE,TRUE,TRUE,TRUE,3,4,2,4,6,3,3,1,3,2,5,2,1,2,3,2,4,3,3,3,3,2,2,3,2,2,3,2,2,2,3,47.5595492,42.21897535
6287978,0015208325_0001_001.jpg,1,1,59,2,8,7,2,5,8,9,TRUE,FALSE,TRUE,FALSE,TRUE,FALSE,TRUE,FALSE,TRUE,FALSE,FALSE,FALSE,FALSE,TRUE,FALSE,FALSE,FALSE,FALSE,FALSE,FALSE,TRUE,FALSE,TRUE,FALSE,FALSE,TRUE,TRUE,FALSE,FALSE,FALSE,FALSE,FALSE,FALSE,FALSE,TRUE,FALSE,FALSE,TRUE,1,1,1,1,4,1,4,3,6,2,3,2,4,2,2,4,4,4,2,6,3,2,3,6,2,2,2,1,2,2,4,34.32887983,37.87806206
6367338,0015192503_0001_001.jpg,2,1,72,1,1,2,1,7,1,11,TRUE,FALSE,FALSE,FALSE,TRUE,TRUE,TRUE,FALSE,FALSE,FALSE,FALSE,FALSE,FALSE,FALSE,FALSE,TRUE,TRUE,TRUE,FALSE,FALSE,TRUE,TRUE,TRUE,FALSE,FALSE,FALSE,FALSE,FALSE,FALSE,FALSE,FALSE,TRUE,TRUE,FALSE,FALSE,FALSE,FALSE,TRUE,3,5,6,5,3,3,5,5,5,3,4,3,2,2,4,3,4,5,2,4,3,4,3,3,4,4,5,1,3,5,5,91.4430724,84.59574252
6405412,0015192686_0001_001.jpg,2,1,49,2,6,6,2,5,6,11,TRUE,FALSE,FALSE,FALSE,FALSE,FALSE,TRUE,FALSE,FALSE,FALSE,FALSE,FALSE,FALSE,FALSE,FALSE,TRUE,FALSE,FALSE,FALSE,FALSE,FALSE,FALSE,FALSE,FALSE,FALSE,FALSE,FALSE,FALSE,TRUE,FALSE,FALSE,FALSE,FALSE,FALSE,FALSE,FALSE,FALSE,FALSE,2,2,2,2,4,5,2,4,5,2,2,3,4,2,3,2,2,3,3,4,4,3,3,4,4,4,4,5,3,4,5,40.39573221,61.04004122
6634557,0015192460_0001_001.jpg,1,1,56,2,10,6,2,7,10,7,TRUE,FALSE,FALSE,FALSE,FALSE,FALSE,FALSE,FALSE,FALSE,FALSE,FALSE,FALSE,FALSE,FALSE,FALSE,FALSE,FALSE,FALSE,FALSE,TRUE,FALSE,FALSE,FALSE,FALSE,FALSE,FALSE,FALSE,FALSE,FALSE,FALSE,FALSE,FALSE,FALSE,TRUE,FALSE,FALSE,FALSE,FALSE,3,2,2,1,3,2,3,3,3,1,2,1,4,1,3,3,2,1,1,3,1,1,1,1,5,3,4,4,3,5,4,11.42975887,30.66995211
6714056,0015248524_0001_001.jpg,2,1,50,1,5,2,1,6,5,8,TRUE,FALSE,TRUE,FALSE,FALSE,FALSE,TRUE,TRUE,FALSE,FALSE,FALSE,FALSE,FALSE,FALSE,FALSE,FALSE,FALSE,FALSE,FALSE,FALSE,FALSE,FALSE,FALSE,FALSE,FALSE,FALSE,FALSE,FALSE,TRUE,FALSE,FALSE,FALSE,FALSE,FALSE,FALSE,FALSE,FALSE,TRUE,3,3,3,3,5,5,3,3,3,3,3,4,5,3,3,3,3,3,3,3,5,3,3,4,3,4,3,1,2,2,3,31.42760105,36.03082061
6757568,0015192889_0001_001.jpg,1,1,60,3,10,4,3,6,10,11,TRUE,FALSE,TRUE,FALSE,FALSE,FALSE,FALSE,FALSE,TRUE,FALSE,FALSE,FALSE,FALSE,FALSE,FALSE,TRUE,FALSE,FALSE,FALSE,FALSE,FALSE,FALSE,FALSE,FALSE,FALSE,FALSE,FALSE,FALSE,FALSE,FALSE,FALSE,FALSE,FALSE,FALSE,FALSE,FALSE,FALSE,FALSE,4,5,4,4,2,2,5,3,6,4,3,2,5,4,5,3,3,4,2,3,3,2,3,4,3,3,3,1,4,3,2,71.73365857,63.6027892
6813339,0015193002_0001_001.jpg,2,2,45,1,1,1,1,5,1,2,FALSE,FALSE,TRUE,TRUE,TRUE,TRUE,TRUE,TRUE,TRUE,TRUE,TRUE,TRUE,TRUE,TRUE,TRUE,TRUE,TRUE,TRUE,TRUE,TRUE,TRUE,TRUE,TRUE,TRUE,TRUE,TRUE,TRUE,TRUE,TRUE,TRUE,TRUE,TRUE,TRUE,TRUE,TRUE,TRUE,TRUE,TRUE,3,3,5,5,6,5,3,3,2,3,3,5,5,3,3,3,4,4,3,3,5,3,3,5,5,4,5,4,5,5,5,16.7611649,23.68452746
6847093,0015211902_0001_001.jpg,1,1,61,40,9,7,40,6,9,7,FALSE,FALSE,FALSE,FALSE,FALSE,FALSE,FALSE,FALSE,FALSE,FALSE,FALSE,FALSE,FALSE,FALSE,FALSE,TRUE,FALSE,FALSE,FALSE,FALSE,FALSE,FALSE,FALSE,FALSE,FALSE,FALSE,FALSE,FALSE,FALSE,FALSE,FALSE,FALSE,FALSE,FALSE,FALSE,FALSE,FALSE,FALSE,2,2,1,7,7,2,6,3,6,2,4,1,1,1,6,2,2,2,1,6,2,2,1,6,3,2,2,2,3,1,3,5.661952953,9.083310517
6863104,0015212255_0001_001.jpg,1,1,67,4,7,7,4,7,7,11,FALSE,FALSE,FALSE,FALSE,FALSE,TRUE,TRUE,FALSE,FALSE,FALSE,FALSE,FALSE,FALSE,FALSE,FALSE,FALSE,FALSE,FALSE,FALSE,FALSE,FALSE,FALSE,FALSE,FALSE,FALSE,FALSE,FALSE,FALSE,FALSE,FALSE,FALSE,FALSE,FALSE,FALSE,FALSE,FALSE,FALSE,TRUE,2,2,3,2,5,6,2,3,2,2,2,5,6,2,2,2,2,2,2,3,5,2,2,6,2,2,4,1,2,3,4,4.054110193,7.544224445
6870853,0015192769_0001_001.jpg,2,1,53,5,6,6,5,7,6,4,TRUE,TRUE,FALSE,FALSE,FALSE,TRUE,TRUE,TRUE,FALSE,FALSE,FALSE,FALSE,FALSE,TRUE,FALSE,FALSE,FALSE,FALSE,FALSE,FALSE,FALSE,FALSE,FALSE,FALSE,FALSE,FALSE,FALSE,TRUE,FALSE,FALSE,TRUE,FALSE,TRUE,FALSE,TRUE,TRUE,FALSE,FALSE,2,2,2,2,6,2,5,1,3,2,3,2,6,2,2,2,2,2,2,3,3,2,2,4,1,1,1,1,1,1,1,12.25905904,13.94137109
6904628,0015192602_0001_001.jpg,2,1,65,4,5,3,4,3,5,7,TRUE,TRUE,TRUE,TRUE,TRUE,TRUE,TRUE,TRUE,TRUE,TRUE,TRUE,TRUE,TRUE,TRUE,TRUE,TRUE,TRUE,TRUE,TRUE,TRUE,TRUE,TRUE,TRUE,TRUE,TRUE,TRUE,TRUE,TRUE,TRUE,TRUE,TRUE,TRUE,TRUE,TRUE,TRUE,TRUE,TRUE,TRUE,7,7,4,5,4,2,6,6,3,2,5,2,2,2,4,3,4,3,2,4,2,2,1,5,3,3,3,1,3,4,5,34.38534059,48.81893585
6934985,0015192943_0001_001.jpg,2,2,46,1,5,1,1,7,5,9,TRUE,TRUE,TRUE,TRUE,TRUE,TRUE,TRUE,TRUE,TRUE,TRUE,TRUE,TRUE,TRUE,TRUE,TRUE,TRUE,TRUE,TRUE,TRUE,TRUE,TRUE,TRUE,TRUE,TRUE,TRUE,TRUE,TRUE,TRUE,TRUE,TRUE,TRUE,TRUE,TRUE,TRUE,TRUE,TRUE,TRUE,TRUE,4,3,4,4,5,4,4,4,3,3,3,6,4,4,3,4,3,4,4,4,4,4,5,4,3,2,3,2,4,2,3,33.85259322,47.96225276
7044236,0015192910_0001_001.jpg,2,2,35,2,11,2,2,7,11,1,FALSE,FALSE,TRUE,FALSE,FALSE,FALSE,TRUE,FALSE,FALSE,FALSE,FALSE,FALSE,FALSE,TRUE,FALSE,FALSE,FALSE,FALSE,FALSE,FALSE,FALSE,FALSE,FALSE,FALSE,FALSE,FALSE,TRUE,FALSE,FALSE,FALSE,TRUE,FALSE,FALSE,FALSE,FALSE,FALSE,FALSE,FALSE,2,5,5,3,4,3,4,5,5,5,1,2,2,2,1,5,3,5,5,6,2,4,5,3,4,5,3,4,3,2,5,163.730585,126.8125624
7064621,0015192639_0001_001.jpg,2,1,63,1,6,2,1,1,6,11,TRUE,TRUE,TRUE,TRUE,TRUE,TRUE,TRUE,TRUE,TRUE,TRUE,TRUE,TRUE,FALSE,TRUE,TRUE,TRUE,TRUE,TRUE,TRUE,TRUE,TRUE,TRUE,TRUE,TRUE,TRUE,TRUE,TRUE,TRUE,TRUE,TRUE,TRUE,TRUE,TRUE,TRUE,TRUE,TRUE,TRUE,TRUE,6,6,6,5,3,2,5,7,6,6,6,1,2,2,5,2,6,4,3,5,2,2,3,2,2,3,4,1,4,3,4,53.50007571,54.49144807
7065838,0015192826_0001_001.jpg,2,1,53,1,2,3,1,7,2,9,TRUE,FALSE,TRUE,TRUE,TRUE,TRUE,TRUE,FALSE,FALSE,TRUE,TRUE,TRUE,TRUE,TRUE,TRUE,TRUE,TRUE,TRUE,TRUE,TRUE,TRUE,TRUE,TRUE,TRUE,TRUE,TRUE,TRUE,TRUE,TRUE,TRUE,TRUE,TRUE,TRUE,TRUE,TRUE,TRUE,TRUE,TRUE,2,2,1,7,2,3,7,2,3,2,2,5,4,2,3,2,2,2,2,4,6,2,3,5,2,1,2,2,3,2,1,29.75145036,34.49858414
7104652,0015228060_0001_001.jpg,1,1,49,10,11,11,10,4,11,7,FALSE,FALSE,TRUE,TRUE,TRUE,TRUE,TRUE,FALSE,TRUE,TRUE,TRUE,TRUE,TRUE,TRUE,TRUE,TRUE,TRUE,TRUE,TRUE,TRUE,TRUE,TRUE,TRUE,TRUE,TRUE,TRUE,TRUE,TRUE,TRUE,TRUE,TRUE,TRUE,TRUE,TRUE,TRUE,TRUE,TRUE,TRUE,3,3,3,3,4,4,4,4,4,4,4,4,4,4,4,3,2,3,2,2,6,3,3,5,2,1,2,1,2,2,2,1.723815895,1.609968877
7141679,0015212088_0001_001.jpg,1,1,69,12,8,6,12,5,8,19,TRUE,FALSE,TRUE,FALSE,TRUE,TRUE,TRUE,TRUE,TRUE,TRUE,TRUE,TRUE,TRUE,TRUE,TRUE,TRUE,TRUE,TRUE,TRUE,TRUE,TRUE,TRUE,TRUE,TRUE,TRUE,TRUE,TRUE,TRUE,TRUE,TRUE,TRUE,TRUE,TRUE,TRUE,TRUE,TRUE,TRUE,TRUE,2,4,3,3,3,3,4,3,3,3,3,4,5,3,3,3,4,4,3,4,5,2,2,5,2,5,2,2,1,4,1,189.8792869,125.451168
7220631,0015256090_0001_001.jpg,1,1,59,1,5,5,1,5,5,9,TRUE,FALSE,TRUE,TRUE,TRUE,TRUE,TRUE,FALSE,FALSE,TRUE,TRUE,TRUE,TRUE,TRUE,TRUE,TRUE,TRUE,TRUE,TRUE,TRUE,TRUE,TRUE,TRUE,TRUE,TRUE,TRUE,TRUE,TRUE,TRUE,TRUE,TRUE,TRUE,TRUE,TRUE,TRUE,TRUE,TRUE,TRUE,3,3,3,4,5,5,3,4,3,3,3,4,5,3,3,4,3,3,3,4,5,3,3,4,2,1,2,1,2,2,3,5.486913283,6.727853743
7252418,0015192955_0001_001.jpg,2,1,54,1,7,4,1,5,7,9,TRUE,TRUE,TRUE,TRUE,TRUE,TRUE,TRUE,TRUE,TRUE,TRUE,TRUE,TRUE,TRUE,TRUE,TRUE,TRUE,TRUE,TRUE,FALSE,TRUE,FALSE,TRUE,TRUE,FALSE,FALSE,TRUE,TRUE,TRUE,FALSE,TRUE,TRUE,TRUE,TRUE,FALSE,TRUE,TRUE,FALSE,TRUE,1,2,2,1,5,6,1,1,5,4,2,1,3,2,4,2,5,4,3,4,2,2,1,6,3,5,4,2,5,5,5,211.8098331,151.87217
7279761,0015192470_0001_001.jpg,1,1,60,4,10,8,4,7,10,8,TRUE,FALSE,TRUE,TRUE,TRUE,FALSE,TRUE,FALSE,TRUE,FALSE,TRUE,TRUE,TRUE,TRUE,FALSE,FALSE,FALSE,TRUE,FALSE,FALSE,TRUE,FALSE,FALSE,TRUE,TRUE,TRUE,TRUE,TRUE,FALSE,FALSE,TRUE,TRUE,TRUE,FALSE,TRUE,TRUE,TRUE,TRUE,1,4,2,5,2,4,7,4,7,4,3,2,2,1,4,4,4,4,1,4,4,1,2,2,3,3,3,1,4,4,4,205.3628404,142.7582869
7326750,0015193009_0001_001.jpg,1,1,51,8,8,8,8,7,8,14,TRUE,FALSE,FALSE,FALSE,FALSE,FALSE,FALSE,TRUE,FALSE,FALSE,FALSE,FALSE,FALSE,FALSE,FALSE,TRUE,FALSE,FALSE,FALSE,FALSE,FALSE,FALSE,FALSE,FALSE,FALSE,FALSE,FALSE,FALSE,TRUE,FALSE,TRUE,FALSE,FALSE,FALSE,FALSE,FALSE,FALSE,FALSE,2,3,1,3,5,4,2,3,3,3,3,6,5,2,2,3,3,3,3,2,6,3,3,5,3,2,2,1,2,2,1,37.07489331,46.38003059
7349347,0015192519_0001_001.jpg,2,1,24,1,4,1,1,1,4,4,FALSE,FALSE,FALSE,FALSE,FALSE,FALSE,TRUE,TRUE,FALSE,FALSE,FALSE,FALSE,FALSE,FALSE,FALSE,FALSE,FALSE,FALSE,FALSE,FALSE,FALSE,FALSE,FALSE,FALSE,FALSE,FALSE,FALSE,FALSE,FALSE,FALSE,FALSE,FALSE,FALSE,FALSE,FALSE,FALSE,FALSE,FALSE,4,4,5,2,4,4,3,1,4,7,4,3,4,3,6,2,4,2,4,6,2,3,5,5,1,1,1,1,1,1,1,17.64258767,19.07335519
7353696,0015193472_0001_001.jpg,1,1,58,2,7,7,2,5,7,12,TRUE,TRUE,TRUE,TRUE,TRUE,TRUE,TRUE,TRUE,TRUE,TRUE,TRUE,TRUE,TRUE,TRUE,TRUE,TRUE,TRUE,TRUE,FALSE,TRUE,TRUE,TRUE,TRUE,TRUE,TRUE,TRUE,TRUE,TRUE,TRUE,TRUE,TRUE,TRUE,TRUE,TRUE,TRUE,TRUE,TRUE,TRUE,2,2,2,2,3,2,2,4,3,3,3,3,2,2,2,3,2,2,3,2,3,3,2,3,4,2,3,1,3,2,3,6.329009584,13.48825448
7366824,0015193364_0001_001.jpg,2,1,39,1,6,4,1,6,6,9,TRUE,TRUE,TRUE,TRUE,TRUE,TRUE,TRUE,TRUE,FALSE,TRUE,TRUE,TRUE,TRUE,TRUE,FALSE,TRUE,TRUE,TRUE,TRUE,TRUE,TRUE,TRUE,TRUE,TRUE,TRUE,FALSE,TRUE,TRUE,FALSE,TRUE,TRUE,TRUE,TRUE,TRUE,TRUE,TRUE,TRUE,TRUE,3,3,2,4,5,4,2,4,4,3,3,4,4,2,4,4,2,6,3,4,3,4,3,3,3,3,4,4,5,4,4,74.14283158,69.40233773
7385242,0015192856_0001_001.jpg,1,1,46,2,3,2,2,7,3,8,TRUE,TRUE,TRUE,TRUE,TRUE,TRUE,TRUE,TRUE,TRUE,TRUE,TRUE,TRUE,TRUE,TRUE,TRUE,TRUE,TRUE,TRUE,TRUE,TRUE,TRUE,TRUE,TRUE,TRUE,TRUE,TRUE,TRUE,TRUE,TRUE,TRUE,TRUE,TRUE,TRUE,TRUE,TRUE,TRUE,TRUE,TRUE,3,3,3,2,5,6,2,2,2,1,3,6,4,2,3,2,2,2,2,3,3,3,2,6,4,4,3,3,3,5,3,78.92198887,63.26110699
7402066,0015192721_0001_001.jpg,2,2,33,2,8,7,2,5,8,6,FALSE,FALSE,TRUE,FALSE,FALSE,FALSE,FALSE,FALSE,FALSE,FALSE,FALSE,FALSE,FALSE,TRUE,FALSE,FALSE,FALSE,FALSE,FALSE,FALSE,FALSE,FALSE,FALSE,FALSE,FALSE,FALSE,FALSE,FALSE,FALSE,FALSE,FALSE,FALSE,FALSE,FALSE,FALSE,FALSE,FALSE,FALSE,4,4,4,4,4,4,4,4,4,4,4,4,4,4,4,4,4,4,5,5,3,5,4,4,3,1,2,2,3,2,4,13.61846512,20.50943109
7474649,0015192631_0001_001.jpg,1,1,64,5,11,11,5,5,11,18,FALSE,FALSE,FALSE,FALSE,FALSE,TRUE,FALSE,TRUE,FALSE,FALSE,FALSE,FALSE,FALSE,TRUE,FALSE,FALSE,TRUE,TRUE,FALSE,FALSE,TRUE,TRUE,TRUE,FALSE,TRUE,TRUE,TRUE,TRUE,TRUE,TRUE,TRUE,TRUE,TRUE,TRUE,TRUE,TRUE,TRUE,TRUE,5,6,3,2,3,4,3,5,3,2,5,2,3,3,2,3,3,3,3,2,3,5,2,2,3,2,2,2,3,2,3,35.21363402,33.69548986
7508373,0015212259_0001_001.jpg,1,1,56,5,8,7,5,5,8,17,TRUE,FALSE,FALSE,FALSE,FALSE,FALSE,TRUE,TRUE,FALSE,FALSE,FALSE,FALSE,FALSE,FALSE,FALSE,TRUE,FALSE,FALSE,FALSE,FALSE,TRUE,FALSE,FALSE,FALSE,FALSE,FALSE,FALSE,FALSE,FALSE,FALSE,FALSE,FALSE,FALSE,FALSE,FALSE,FALSE,FALSE,TRUE,3,3,1,5,2,2,5,2,3,6,3,1,6,1,5,3,5,5,3,4,4,2,3,5,4,3,4,2,4,3,4,15.39198677,21.89401503
7544138,0015192606_0001_001.jpg,1,1,71,3,9,6,3,5,9,13,FALSE,FALSE,FALSE,FALSE,FALSE,FALSE,FALSE,TRUE,FALSE,FALSE,FALSE,FALSE,FALSE,FALSE,FALSE,TRUE,FALSE,FALSE,FALSE,FALSE,FALSE,FALSE,FALSE,FALSE,FALSE,FALSE,FALSE,FALSE,TRUE,FALSE,FALSE,FALSE,FALSE,FALSE,FALSE,FALSE,FALSE,FALSE,2,3,3,4,5,3,6,4,3,3,4,4,2,5,3,4,2,3,3,4,2,3,2,4,4,3,3,1,2,2,3,20.0508229,25.85783304
7587511,0015192779_0001_001.jpg,2,1,67,2,9,6,2,3,9,13,TRUE,FALSE,TRUE,FALSE,FALSE,FALSE,FALSE,TRUE,FALSE,FALSE,FALSE,FALSE,FALSE,TRUE,FALSE,FALSE,FALSE,FALSE,FALSE,FALSE,FALSE,FALSE,FALSE,FALSE,FALSE,FALSE,FALSE,FALSE,FALSE,FALSE,TRUE,FALSE,FALSE,FALSE,TRUE,FALSE,FALSE,FALSE,3,4,4,3,4,4,4,4,4,4,5,2,4,3,5,3,4,4,4,3,3,4,3,2,3,3,3,2,2,3,4,43.64866355,49.85743287
7671905,0015192875_0001_001.jpg,1,1,46,5,4,2,5,3,4,7,TRUE,TRUE,TRUE,TRUE,TRUE,TRUE,TRUE,FALSE,FALSE,TRUE,FALSE,TRUE,FALSE,TRUE,FALSE,TRUE,TRUE,FALSE,TRUE,FALSE,FALSE,TRUE,TRUE,TRUE,TRUE,FALSE,FALSE,FALSE,FALSE,FALSE,FALSE,FALSE,FALSE,FALSE,TRUE,FALSE,FALSE,FALSE,2,3,3,3,5,5,3,3,3,3,3,5,5,3,1,3,3,3,3,4,5,3,3,5,3,3,3,5,3,4,3,42.3721809,57.64994149
7687131,0015193014_0001_001.jpg,1,1,49,2,6,3,2,6,6,11,TRUE,TRUE,FALSE,FALSE,FALSE,FALSE,TRUE,FALSE,FALSE,FALSE,FALSE,FALSE,FALSE,FALSE,FALSE,FALSE,FALSE,FALSE,FALSE,FALSE,FALSE,FALSE,FALSE,FALSE,FALSE,FALSE,FALSE,FALSE,FALSE,FALSE,FALSE,FALSE,FALSE,FALSE,FALSE,FALSE,FALSE,FALSE,3,3,3,3,3,3,5,3,5,3,3,3,3,2,3,4,3,3,3,2,5,2,2,2,3,3,4,4,5,5,4,49.41609825,54.50911193
7769977,0015267399_0001_001.jpg,1,1,51,2,9,6,2,3,9,5,TRUE,FALSE,TRUE,FALSE,FALSE,FALSE,TRUE,FALSE,FALSE,FALSE,FALSE,FALSE,FALSE,FALSE,FALSE,TRUE,FALSE,FALSE,FALSE,FALSE,FALSE,FALSE,FALSE,FALSE,FALSE,FALSE,FALSE,FALSE,FALSE,FALSE,TRUE,FALSE,FALSE,FALSE,FALSE,FALSE,FALSE,FALSE,3,3,3,3,4,3,4,3,5,3,3,3,3,2,4,3,3,3,2,4,3,3,2,3,2,1,2,1,3,2,3,15.58092427,13.35610037
7788766,0015268251_0001_001.jpg,1,1,40,3,6,6,3,5,6,8,TRUE,FALSE,FALSE,FALSE,TRUE,TRUE,TRUE,FALSE,FALSE,FALSE,FALSE,TRUE,FALSE,TRUE,TRUE,FALSE,TRUE,FALSE,TRUE,FALSE,TRUE,TRUE,TRUE,TRUE,FALSE,TRUE,TRUE,TRUE,FALSE,TRUE,TRUE,TRUE,TRUE,TRUE,TRUE,TRUE,TRUE,TRUE,3,3,3,2,5,4,3,5,5,3,3,3,5,3,3,3,3,3,3,3,3,3,3,3,4,4,4,5,5,3,4,3.022270474,15.26133748
7893406,0015193298_0001_001.jpg,1,1,39,2,11,4,2,6,11,5,TRUE,TRUE,TRUE,TRUE,TRUE,TRUE,TRUE,TRUE,FALSE,TRUE,TRUE,TRUE,TRUE,TRUE,TRUE,TRUE,TRUE,TRUE,TRUE,TRUE,TRUE,TRUE,TRUE,TRUE,TRUE,TRUE,TRUE,TRUE,FALSE,TRUE,TRUE,TRUE,TRUE,TRUE,TRUE,TRUE,TRUE,TRUE,1,1,1,1,7,7,1,1,1,1,1,7,7,1,1,1,1,2,1,2,5,1,1,7,1,1,1,1,1,1,1,1.715840256,1.44323726
7942093,0015268762_0001_001.jpg,2,1,46,1,4,2,1,4,4,6,TRUE,FALSE,TRUE,TRUE,FALSE,TRUE,TRUE,TRUE,FALSE,FALSE,FALSE,FALSE,FALSE,TRUE,FALSE,TRUE,FALSE,TRUE,FALSE,FALSE,FALSE,FALSE,FALSE,FALSE,FALSE,FALSE,FALSE,FALSE,FALSE,FALSE,TRUE,FALSE,FALSE,FALSE,FALSE,TRUE,FALSE,TRUE,3,3,4,4,5,5,3,4,3,4,4,5,5,3,4,4,3,4,4,3,4,4,3,4,2,1,2,1,2,1,3,18.45186127,24.84208707
8012008,0015264615_0001_001.jpg,1,2,34,2,7,7,2,3,7,7,FALSE,FALSE,TRUE,FALSE,FALSE,FALSE,TRUE,FALSE,FALSE,FALSE,FALSE,FALSE,FALSE,TRUE,FALSE,FALSE,FALSE,FALSE,FALSE,FALSE,FALSE,FALSE,FALSE,FALSE,FALSE,FALSE,TRUE,FALSE,FALSE,FALSE,FALSE,FALSE,FALSE,FALSE,FALSE,FALSE,FALSE,FALSE,3,4,3,4,5,5,2,3,2,3,3,6,6,3,2,2,3,2,2,1,6,2,1,6,2,1,2,1,3,2,3,14.45108747,22.31652565
8015755,0015268390_0001_001.jpg,1,1,27,2,11,11,2,6,11,13,FALSE,FALSE,TRUE,FALSE,FALSE,FALSE,FALSE,TRUE,TRUE,FALSE,FALSE,FALSE,FALSE,TRUE,TRUE,FALSE,FALSE,FALSE,FALSE,FALSE,FALSE,FALSE,FALSE,FALSE,FALSE,FALSE,TRUE,TRUE,TRUE,FALSE,FALSE,FALSE,FALSE,FALSE,TRUE,FALSE,FALSE,FALSE,1,1,1,1,7,6,2,2,2,2,2,6,6,2,2,2,2,2,2,2,6,2,2,6,3,3,4,2,5,4,4,1.080677998,1.080957819
8039909,0015192908_0001_001.jpg,1,1,39,2,6,1,2,7,6,8,FALSE,FALSE,TRUE,FALSE,TRUE,TRUE,FALSE,FALSE,FALSE,FALSE,FALSE,FALSE,FALSE,FALSE,FALSE,TRUE,FALSE,FALSE,FALSE,FALSE,FALSE,FALSE,FALSE,FALSE,FALSE,FALSE,FALSE,FALSE,TRUE,FALSE,FALSE,FALSE,FALSE,FALSE,FALSE,FALSE,FALSE,FALSE,4,4,4,4,1,1,3,1,3,3,1,1,1,7,7,7,7,7,7,7,1,7,7,1,2,1,2,1,3,2,3,2.24290337,6.850479318
8079493,0015192564_0001_001.jpg,2,1,51,1,5,4,1,5,5,9,TRUE,FALSE,TRUE,FALSE,FALSE,TRUE,TRUE,TRUE,FALSE,FALSE,FALSE,FALSE,FALSE,FALSE,FALSE,FALSE,FALSE,TRUE,FALSE,FALSE,FALSE,FALSE,FALSE,FALSE,FALSE,FALSE,FALSE,TRUE,FALSE,FALSE,FALSE,FALSE,FALSE,FALSE,FALSE,FALSE,FALSE,TRUE,6,6,4,3,1,2,3,2,5,4,6,5,1,1,4,3,3,3,1,3,5,4,3,6,3,3,2,1,3,1,3,48.31098428,48.62937722
8107922,0015192562_0001_001.jpg,1,1,67,2,9,7,2,5,9,17,TRUE,TRUE,TRUE,TRUE,TRUE,TRUE,TRUE,TRUE,FALSE,TRUE,TRUE,TRUE,TRUE,TRUE,TRUE,TRUE,TRUE,TRUE,TRUE,TRUE,TRUE,TRUE,TRUE,TRUE,TRUE,TRUE,TRUE,TRUE,FALSE,TRUE,TRUE,TRUE,TRUE,TRUE,TRUE,TRUE,TRUE,TRUE,6,6,2,2,2,5,4,5,3,3,7,1,2,1,2,4,3,2,1,2,3,7,2,7,5,3,3,1,4,3,4,119.9898265,109.8942066
8225696,0015192855_0001_001.jpg,2,1,57,1,5,1,1,7,5,1,TRUE,TRUE,TRUE,TRUE,TRUE,TRUE,TRUE,TRUE,FALSE,TRUE,TRUE,TRUE,TRUE,TRUE,TRUE,TRUE,TRUE,TRUE,TRUE,TRUE,TRUE,TRUE,TRUE,TRUE,TRUE,TRUE,TRUE,TRUE,TRUE,TRUE,TRUE,TRUE,TRUE,TRUE,TRUE,TRUE,TRUE,TRUE,4,4,4,4,4,4,4,4,4,4,4,4,4,4,4,4,4,4,4,4,4,4,4,4,2,1,2,1,2,1,3,16.49558047,22.86624814
8240209,0015192458_0001_001.jpg,2,2,45,1,3,1,1,2,3,3,TRUE,FALSE,FALSE,FALSE,FALSE,FALSE,TRUE,FALSE,TRUE,FALSE,FALSE,FALSE,FALSE,TRUE,FALSE,FALSE,FALSE,FALSE,FALSE,FALSE,FALSE,FALSE,FALSE,FALSE,FALSE,FALSE,FALSE,FALSE,FALSE,FALSE,TRUE,FALSE,FALSE,FALSE,FALSE,FALSE,FALSE,FALSE,5,2,2,3,3,5,3,4,4,3,4,4,3,3,3,3,3,3,2,3,4,3,3,3,2,2,2,1,2,1,3,61.45100208,58.66961374
8264326,0015192478_0001_001.jpg,1,1,48,2,10,7,2,5,10,6,FALSE,FALSE,TRUE,FALSE,FALSE,FALSE,TRUE,TRUE,FALSE,FALSE,FALSE,FALSE,FALSE,TRUE,FALSE,FALSE,FALSE,FALSE,FALSE,FALSE,TRUE,FALSE,FALSE,FALSE,FALSE,TRUE,TRUE,FALSE,FALSE,FALSE,FALSE,FALSE,FALSE,FALSE,FALSE,FALSE,FALSE,FALSE,2,2,2,2,5,6,2,2,2,2,2,6,6,2,2,2,2,2,2,3,6,2,2,6,2,2,2,2,3,3,3,18.84776848,21.26139304
8274664,0015192558_0001_001.jpg,2,1,43,4,6,3,4,7,6,9,FALSE,FALSE,FALSE,FALSE,FALSE,FALSE,FALSE,TRUE,FALSE,FALSE,FALSE,FALSE,FALSE,TRUE,FALSE,TRUE,FALSE,FALSE,FALSE,FALSE,FALSE,FALSE,FALSE,FALSE,FALSE,FALSE,FALSE,FALSE,FALSE,FALSE,FALSE,FALSE,FALSE,FALSE,FALSE,FALSE,FALSE,FALSE,4,4,3,3,3,4,4,4,4,4,5,2,3,5,4,4,4,4,4,4,4,4,4,2,2,3,2,1,2,1,2,20.55769984,23.86453821
8355894,0015192511_0001_001.jpg,1,1,67,4,6,1,4,4,6,10,FALSE,FALSE,TRUE,FALSE,FALSE,TRUE,FALSE,TRUE,FALSE,FALSE,FALSE,FALSE,FALSE,FALSE,FALSE,FALSE,FALSE,FALSE,FALSE,FALSE,FALSE,FALSE,FALSE,FALSE,FALSE,FALSE,FALSE,FALSE,TRUE,FALSE,FALSE,FALSE,FALSE,FALSE,FALSE,FALSE,FALSE,FALSE,2,2,2,2,6,6,2,2,3,2,2,6,6,2,2,2,2,2,2,2,6,2,2,6,5,3,3,2,2,2,3,1.620077176,7.109700943
8391452,0015192717_0001_001.jpg,1,1,31,4,8,7,4,7,8,8,TRUE,FALSE,TRUE,FALSE,FALSE,FALSE,TRUE,FALSE,FALSE,FALSE,FALSE,FALSE,FALSE,FALSE,FALSE,FALSE,FALSE,FALSE,FALSE,FALSE,FALSE,FALSE,FALSE,FALSE,FALSE,FALSE,FALSE,FALSE,FALSE,FALSE,FALSE,FALSE,FALSE,FALSE,FALSE,FALSE,FALSE,FALSE,1,1,1,4,1,1,4,4,4,4,1,4,4,1,4,1,4,4,1,7,7,1,1,1,3,3,2,1,4,4,3,110.689887,114.4301976
8393015,0015193676_0001_001.jpg,1,1,60,2,11,8,2,5,11,16,FALSE,FALSE,FALSE,FALSE,FALSE,FALSE,TRUE,TRUE,FALSE,TRUE,FALSE,FALSE,TRUE,TRUE,FALSE,FALSE,TRUE,TRUE,FALSE,TRUE,TRUE,TRUE,TRUE,FALSE,TRUE,FALSE,TRUE,TRUE,FALSE,FALSE,TRUE,TRUE,FALSE,FALSE,TRUE,FALSE,TRUE,TRUE,3,4,3,4,3,4,3,2,3,3,5,4,4,2,3,4,3,3,3,3,4,4,3,4,2,3,3,1,5,3,4,44.39113127,46.21839172
8524905,0015192951_0001_001.jpg,2,1,55,1,5,2,1,4,5,6,FALSE,FALSE,FALSE,FALSE,FALSE,FALSE,FALSE,FALSE,FALSE,FALSE,FALSE,FALSE,FALSE,FALSE,FALSE,TRUE,FALSE,FALSE,FALSE,FALSE,FALSE,FALSE,FALSE,FALSE,FALSE,FALSE,FALSE,FALSE,TRUE,FALSE,FALSE,FALSE,FALSE,FALSE,FALSE,FALSE,FALSE,FALSE,3,3,4,4,3,4,2,4,4,5,3,2,5,3,2,2,3,4,3,4,2,2,2,2,4,5,4,2,5,5,5,172.5587622,129.3620876
8543905,0015268294_0001_001.jpg,2,1,66,1,4,3,1,7,4,6,FALSE,FALSE,TRUE,FALSE,FALSE,TRUE,TRUE,TRUE,TRUE,FALSE,FALSE,FALSE,FALSE,TRUE,FALSE,FALSE,FALSE,FALSE,FALSE,FALSE,FALSE,FALSE,FALSE,FALSE,FALSE,FALSE,FALSE,FALSE,FALSE,FALSE,FALSE,FALSE,TRUE,FALSE,FALSE,FALSE,FALSE,FALSE,2,2,3,2,4,4,3,4,3,3,3,4,4,2,2,3,3,3,3,2,3,3,3,4,3,2,2,2,3,1,3,27.10290945,34.39184057
8560065,0015194578_0001_001.jpg,2,2,35,2,5,3,2,4,5,11,TRUE,TRUE,TRUE,TRUE,TRUE,TRUE,TRUE,TRUE,TRUE,TRUE,TRUE,TRUE,TRUE,TRUE,TRUE,TRUE,TRUE,TRUE,TRUE,TRUE,TRUE,TRUE,TRUE,TRUE,TRUE,TRUE,TRUE,TRUE,TRUE,TRUE,TRUE,TRUE,TRUE,TRUE,TRUE,TRUE,TRUE,TRUE,1,1,7,6,4,1,4,1,7,1,4,2,4,1,3,2,2,3,4,7,4,3,1,1,5,3,2,1,4,3,3,83.32434781,80.31067317
8576065,0015199328_0001_001.jpg,1,1,59,4,8,6,4,7,8,12,TRUE,FALSE,FALSE,FALSE,FALSE,FALSE,TRUE,TRUE,TRUE,FALSE,FALSE,FALSE,FALSE,TRUE,FALSE,TRUE,FALSE,FALSE,FALSE,FALSE,FALSE,FALSE,FALSE,FALSE,FALSE,FALSE,TRUE,FALSE,FALSE,FALSE,TRUE,FALSE,FALSE,FALSE,TRUE,FALSE,FALSE,FALSE,3,3,4,3,6,6,3,3,2,2,3,3,4,4,4,5,3,3,4,4,4,3,2,4,2,1,2,1,2,2,2,1.883752194,4.595018156
8577869,0015192781_0001_001.jpg,2,1,69,2,7,4,2,5,7,13,TRUE,FALSE,TRUE,TRUE,TRUE,FALSE,TRUE,TRUE,FALSE,TRUE,FALSE,TRUE,TRUE,TRUE,TRUE,TRUE,TRUE,TRUE,FALSE,TRUE,TRUE,TRUE,TRUE,FALSE,FALSE,TRUE,TRUE,TRUE,FALSE,TRUE,TRUE,TRUE,TRUE,FALSE,TRUE,TRUE,FALSE,FALSE,1,2,5,6,1,3,2,2,2,1,4,2,3,3,3,3,2,2,2,5,2,2,1,5,3,2,4,4,4,3,3,26.60940048,40.90503464
8606797,0015192461_0001_001.jpg,2,1,49,1,4,2,1,5,4,3,TRUE,TRUE,TRUE,TRUE,TRUE,TRUE,TRUE,FALSE,TRUE,TRUE,TRUE,TRUE,TRUE,TRUE,TRUE,TRUE,TRUE,TRUE,TRUE,TRUE,TRUE,TRUE,TRUE,TRUE,TRUE,TRUE,TRUE,TRUE,FALSE,TRUE,TRUE,TRUE,TRUE,TRUE,TRUE,TRUE,TRUE,TRUE,4,4,4,4,4,3,4,4,4,4,4,3,4,3,4,4,4,4,4,4,4,4,3,3,2,3,4,1,4,3,3,39.8527797,46.70290241
8639325,0015239114_0001_001.jpg,1,1,48,2,9,9,2,5,9,7,FALSE,FALSE,FALSE,FALSE,FALSE,FALSE,FALSE,TRUE,FALSE,FALSE,FALSE,FALSE,FALSE,FALSE,FALSE,FALSE,FALSE,FALSE,FALSE,FALSE,FALSE,FALSE,FALSE,FALSE,FALSE,FALSE,TRUE,FALSE,TRUE,FALSE,FALSE,FALSE,TRUE,FALSE,FALSE,FALSE,FALSE,FALSE,2,3,3,3,5,5,3,3,4,4,4,4,5,3,3,3,3,3,3,3,5,3,3,5,1,2,3,1,3,1,5,12.65620887,7.393918849
8686657,0015268328_0001_001.jpg,1,1,25,1,4,3,1,3,4,6,FALSE,FALSE,TRUE,FALSE,FALSE,FALSE,TRUE,TRUE,FALSE,FALSE,FALSE,FALSE,FALSE,TRUE,FALSE,FALSE,TRUE,TRUE,FALSE,FALSE,FALSE,FALSE,FALSE,FALSE,FALSE,FALSE,FALSE,FALSE,FALSE,FALSE,FALSE,FALSE,FALSE,FALSE,FALSE,FALSE,FALSE,FALSE,3,2,3,2,2,3,3,4,2,4,5,5,2,1,4,4,2,4,3,2,3,4,4,3,2,2,2,2,2,2,3,14.95098782,21.96080787
8782408,0015193415_0001_001.jpg,1,2,58,3,8,8,3,7,8,12,TRUE,TRUE,TRUE,FALSE,TRUE,TRUE,FALSE,TRUE,FALSE,FALSE,TRUE,FALSE,FALSE,TRUE,TRUE,FALSE,TRUE,FALSE,TRUE,FALSE,TRUE,TRUE,TRUE,TRUE,TRUE,TRUE,TRUE,FALSE,FALSE,FALSE,TRUE,FALSE,FALSE,FALSE,TRUE,FALSE,TRUE,FALSE,2,4,2,4,6,5,3,4,2,3,3,4,5,3,3,4,3,2,3,2,5,3,2,5,1,1,1,1,1,1,1,3.817312044,0.313164944
8799065,0015192723_0001_001.jpg,1,1,54,12,9,8,12,6,9,14,FALSE,FALSE,TRUE,TRUE,TRUE,TRUE,TRUE,TRUE,TRUE,TRUE,TRUE,TRUE,TRUE,TRUE,TRUE,FALSE,TRUE,TRUE,TRUE,TRUE,TRUE,TRUE,TRUE,TRUE,TRUE,TRUE,TRUE,TRUE,FALSE,TRUE,TRUE,TRUE,TRUE,TRUE,TRUE,TRUE,TRUE,TRUE,3,4,4,3,3,4,3,5,4,3,5,5,2,4,4,4,3,4,4,3,3,5,5,5,3,2,3,2,4,4,5,2.370627864,11.01329833
8823040,0015255070_0001_001.jpg,2,2,56,2,4,1,2,2,4,4,TRUE,TRUE,TRUE,TRUE,TRUE,TRUE,TRUE,FALSE,FALSE,TRUE,TRUE,TRUE,TRUE,TRUE,TRUE,TRUE,TRUE,TRUE,TRUE,TRUE,TRUE,TRUE,TRUE,TRUE,TRUE,TRUE,TRUE,TRUE,TRUE,TRUE,TRUE,TRUE,TRUE,TRUE,TRUE,TRUE,TRUE,TRUE,2,6,2,4,2,4,5,3,4,5,6,3,2,3,6,2,4,6,2,4,5,2,3,1,1,1,1,2,1,1,1,54.50695804,57.87966801
8871722,0015193302_0001_001.jpg,2,1,55,1,2,1,1,6,2,3,TRUE,TRUE,TRUE,TRUE,TRUE,TRUE,TRUE,TRUE,TRUE,TRUE,TRUE,TRUE,TRUE,TRUE,TRUE,TRUE,TRUE,TRUE,TRUE,TRUE,TRUE,TRUE,TRUE,TRUE,TRUE,TRUE,TRUE,TRUE,FALSE,TRUE,TRUE,TRUE,TRUE,TRUE,TRUE,TRUE,TRUE,TRUE,2,2,3,2,3,3,4,1,3,3,3,3,3,2,3,2,2,2,2,2,2,4,1,4,2,2,2,1,2,2,3,58.50336643,65.26412103
8947505,0015194105_0001_001.jpg,1,1,36,4,8,6,4,5,8,6,TRUE,TRUE,TRUE,TRUE,TRUE,TRUE,TRUE,TRUE,TRUE,TRUE,TRUE,TRUE,TRUE,TRUE,TRUE,TRUE,TRUE,TRUE,TRUE,TRUE,TRUE,TRUE,TRUE,TRUE,TRUE,TRUE,TRUE,TRUE,FALSE,TRUE,TRUE,TRUE,TRUE,TRUE,TRUE,TRUE,TRUE,TRUE,5,4,3,5,4,3,6,4,6,4,2,4,2,4,5,4,6,4,5,3,3,3,5,3,2,1,2,1,2,2,3,2.520216458,4.265135486
8976890,0015192982_0001_001.jpg,2,1,47,1,7,5,1,7,7,7,TRUE,FALSE,FALSE,FALSE,FALSE,TRUE,FALSE,FALSE,FALSE,FALSE,FALSE,FALSE,FALSE,FALSE,FALSE,FALSE,FALSE,FALSE,FALSE,FALSE,FALSE,FALSE,FALSE,FALSE,FALSE,FALSE,TRUE,TRUE,FALSE,FALSE,FALSE,TRUE,FALSE,TRUE,FALSE,FALSE,FALSE,TRUE,2,4,1,1,4,5,5,4,5,2,2,3,2,3,3,2,1,3,1,3,3,3,5,3,3,2,4,3,4,5,3,34.54579281,45.53438473
9134313,0015192854_0001_001.jpg,2,1,36,1,1,1,1,2,1,0,FALSE,FALSE,TRUE,TRUE,TRUE,TRUE,TRUE,TRUE,TRUE,FALSE,TRUE,TRUE,TRUE,TRUE,TRUE,TRUE,TRUE,TRUE,TRUE,TRUE,TRUE,TRUE,TRUE,TRUE,TRUE,TRUE,TRUE,TRUE,TRUE,TRUE,TRUE,TRUE,TRUE,TRUE,TRUE,TRUE,TRUE,TRUE,7,7,7,7,1,1,7,7,7,7,7,1,1,7,7,7,7,7,7,7,1,7,7,1,1,1,1,1,1,1,1,15.52392006,17.75911993
9326361,0015192635_0001_001.jpg,1,1,61,4,8,7,4,4,8,8,TRUE,FALSE,TRUE,TRUE,TRUE,TRUE,TRUE,TRUE,FALSE,TRUE,TRUE,TRUE,FALSE,TRUE,FALSE,TRUE,TRUE,TRUE,FALSE,TRUE,TRUE,FALSE,FALSE,FALSE,FALSE,FALSE,TRUE,TRUE,TRUE,TRUE,TRUE,TRUE,TRUE,FALSE,TRUE,TRUE,TRUE,TRUE,3,5,4,3,6,4,3,4,3,3,6,2,2,2,2,3,3,4,3,3,5,3,2,5,2,1,3,1,3,3,2,27.19237903,24.49760924
9357368,0015193194_0001_001.jpg,2,1,33,1,7,2,1,4,7,4,TRUE,FALSE,FALSE,FALSE,FALSE,FALSE,TRUE,FALSE,FALSE,FALSE,FALSE,FALSE,FALSE,FALSE,FALSE,TRUE,FALSE,FALSE,FALSE,FALSE,FALSE,FALSE,FALSE,FALSE,FALSE,FALSE,TRUE,FALSE,FALSE,FALSE,FALSE,FALSE,FALSE,FALSE,FALSE,FALSE,FALSE,FALSE,2,3,3,2,3,5,4,4,3,3,2,3,3,3,3,3,3,3,3,5,4,3,3,6,2,1,2,1,4,1,3,34.24131895,40.50309736
9460124,0015192510_0001_001.jpg,2,1,41,2,9,8,2,6,9,3,FALSE,FALSE,FALSE,FALSE,FALSE,FALSE,TRUE,TRUE,FALSE,FALSE,FALSE,FALSE,FALSE,FALSE,FALSE,FALSE,FALSE,FALSE,FALSE,FALSE,FALSE,FALSE,FALSE,FALSE,FALSE,FALSE,TRUE,FALSE,TRUE,FALSE,FALSE,FALSE,FALSE,FALSE,FALSE,FALSE,FALSE,FALSE,1,3,2,3,6,7,3,2,4,3,4,6,4,3,5,2,4,3,3,5,5,2,3,5,1,1,1,1,1,1,1,14.5767709,13.40815457
9494245,0015264971_0001_001.jpg,1,1,51,2,8,6,2,4,8,11,TRUE,FALSE,TRUE,TRUE,TRUE,TRUE,TRUE,TRUE,FALSE,FALSE,FALSE,TRUE,TRUE,TRUE,FALSE,TRUE,TRUE,TRUE,FALSE,TRUE,FALSE,FALSE,FALSE,FALSE,FALSE,FALSE,FALSE,FALSE,FALSE,FALSE,FALSE,FALSE,FALSE,FALSE,FALSE,FALSE,FALSE,FALSE,3,3,5,3,5,5,5,3,5,5,3,2,3,3,5,3,3,5,3,5,3,3,3,5,2,1,2,1,2,1,3,1.9845142,5.64352435
9507143,0015192794_0001_001.jpg,1,1,34,1,4,3,1,5,4,5,TRUE,FALSE,TRUE,FALSE,FALSE,TRUE,TRUE,FALSE,FALSE,FALSE,FALSE,FALSE,FALSE,FALSE,FALSE,TRUE,FALSE,FALSE,FALSE,TRUE,FALSE,FALSE,FALSE,FALSE,FALSE,FALSE,FALSE,FALSE,FALSE,FALSE,FALSE,FALSE,FALSE,FALSE,FALSE,FALSE,FALSE,FALSE,2,2,2,2,6,6,4,5,3,3,4,5,5,2,2,2,3,3,4,3,5,2,3,5,3,2,3,1,3,3,3,32.06195146,30.86466242
9563363,0015192811_0001_001.jpg,2,1,38,1,7,2,1,7,7,4,TRUE,FALSE,FALSE,FALSE,FALSE,FALSE,TRUE,FALSE,FALSE,FALSE,FALSE,FALSE,FALSE,FALSE,FALSE,FALSE,FALSE,FALSE,FALSE,FALSE,FALSE,FALSE,FALSE,FALSE,FALSE,FALSE,FALSE,FALSE,FALSE,FALSE,FALSE,FALSE,FALSE,FALSE,FALSE,FALSE,FALSE,FALSE,1,1,1,1,4,1,4,7,4,1,1,1,1,1,4,1,1,1,1,1,4,1,1,1,3,3,4,5,4,3,4,43.39969616,49.96431926
9619838,0015192514_0001_001.jpg,2,1,47,1,9,5,1,7,9,6,TRUE,FALSE,TRUE,FALSE,FALSE,FALSE,FALSE,FALSE,FALSE,FALSE,FALSE,FALSE,FALSE,FALSE,FALSE,FALSE,FALSE,FALSE,FALSE,FALSE,FALSE,FALSE,FALSE,FALSE,FALSE,FALSE,FALSE,FALSE,FALSE,FALSE,FALSE,TRUE,FALSE,FALSE,FALSE,FALSE,FALSE,TRUE,2,2,2,3,4,6,4,3,6,3,3,4,3,2,4,3,3,4,3,6,5,3,3,4,2,1,2,1,2,1,3,15.46601902,13.75035092
9622980,0015192922_0001_001.jpg,1,1,60,4,8,6,4,7,8,11,TRUE,FALSE,FALSE,FALSE,FALSE,TRUE,FALSE,FALSE,TRUE,FALSE,FALSE,FALSE,FALSE,FALSE,TRUE,TRUE,FALSE,FALSE,FALSE,FALSE,FALSE,FALSE,FALSE,TRUE,TRUE,FALSE,FALSE,TRUE,FALSE,FALSE,TRUE,FALSE,FALSE,FALSE,FALSE,FALSE,TRUE,FALSE,6,4,3,5,2,3,5,6,4,4,5,3,4,6,5,4,6,5,5,6,3,4,5,2,3,4,3,3,3,4,3,61.10215666,52.04294005
9668987,0015192622_0001_001.jpg,2,1,51,1,6,1,1,5,6,13,TRUE,FALSE,TRUE,TRUE,TRUE,TRUE,TRUE,TRUE,TRUE,FALSE,FALSE,FALSE,FALSE,FALSE,FALSE,FALSE,TRUE,FALSE,FALSE,FALSE,TRUE,FALSE,FALSE,FALSE,FALSE,FALSE,FALSE,FALSE,FALSE,FALSE,FALSE,FALSE,FALSE,FALSE,FALSE,FALSE,FALSE,FALSE,1,1,1,1,7,7,1,7,1,1,1,4,1,1,1,1,4,1,1,1,1,1,1,1,4,5,4,5,3,4,4,62.64893387,65.47817362
9733006,0015192936_0001_001.jpg,2,1,31,1,7,4,1,5,7,7,TRUE,FALSE,TRUE,TRUE,TRUE,TRUE,TRUE,TRUE,TRUE,FALSE,FALSE,FALSE,FALSE,TRUE,TRUE,TRUE,FALSE,FALSE,FALSE,FALSE,FALSE,FALSE,FALSE,FALSE,FALSE,FALSE,FALSE,FALSE,FALSE,FALSE,FALSE,FALSE,FALSE,FALSE,FALSE,TRUE,FALSE,TRUE,2,2,2,4,5,4,4,2,3,2,2,1,5,2,1,1,1,2,1,1,2,1,1,6,1,1,1,1,1,1,1,16.0339262,18.24935537
9734747,0015192609_0001_001.jpg,1,1,45,7,8,7,7,7,8,10,FALSE,FALSE,TRUE,TRUE,TRUE,FALSE,TRUE,FALSE,TRUE,FALSE,TRUE,FALSE,FALSE,TRUE,FALSE,FALSE,FALSE,FALSE,FALSE,FALSE,FALSE,FALSE,FALSE,FALSE,FALSE,FALSE,FALSE,FALSE,TRUE,FALSE,FALSE,FALSE,FALSE,FALSE,FALSE,FALSE,FALSE,FALSE,2,2,2,3,4,5,3,3,5,3,2,3,4,3,3,3,3,3,3,4,4,3,2,6,3,2,3,1,2,2,3,14.56033491,17.40536732
9758795,0015192656_0001_001.jpg,2,1,78,1,3,3,1,7,3,8,TRUE,FALSE,FALSE,FALSE,FALSE,FALSE,TRUE,TRUE,FALSE,FALSE,FALSE,FALSE,FALSE,FALSE,FALSE,FALSE,TRUE,TRUE,FALSE,FALSE,TRUE,TRUE,FALSE,FALSE,TRUE,TRUE,TRUE,TRUE,FALSE,TRUE,TRUE,TRUE,TRUE,TRUE,TRUE,TRUE,TRUE,TRUE,1,4,3,4,5,2,1,1,4,3,2,4,4,1,3,2,2,2,1,2,4,3,2,6,3,2,3,2,2,2,3,47.12292388,53.18219022
9786824,0015192626_0001_001.jpg,1,1,57,3,9,4,3,5,9,10,TRUE,FALSE,TRUE,FALSE,FALSE,FALSE,FALSE,FALSE,FALSE,FALSE,FALSE,FALSE,FALSE,FALSE,FALSE,TRUE,FALSE,FALSE,FALSE,FALSE,FALSE,FALSE,FALSE,FALSE,FALSE,FALSE,FALSE,FALSE,FALSE,FALSE,FALSE,FALSE,FALSE,FALSE,FALSE,FALSE,FALSE,TRUE,4,4,5,4,4,4,5,4,4,3,4,3,4,3,4,5,4,4,4,5,3,5,4,5,4,2,4,3,4,3,4,9.761849282,10.87329292
9836386,0015192953_0001_001.jpg,2,2,78,2,1,1,2,2,1,6,TRUE,FALSE,TRUE,TRUE,FALSE,FALSE,TRUE,TRUE,FALSE,FALSE,TRUE,TRUE,TRUE,TRUE,TRUE,TRUE,FALSE,TRUE,FALSE,FALSE,TRUE,TRUE,FALSE,TRUE,FALSE,TRUE,TRUE,TRUE,FALSE,TRUE,TRUE,TRUE,TRUE,FALSE,TRUE,TRUE,TRUE,TRUE,2,2,4,4,4,4,4,4,4,4,4,4,4,4,4,4,4,4,4,4,4,4,4,4,2,1,2,1,3,1,3,33.73417754,33.08519037
9854162,0015193000_0001_001.jpg,2,2,42,1,6,3,1,5,6,4,TRUE,FALSE,TRUE,TRUE,TRUE,TRUE,TRUE,TRUE,FALSE,TRUE,FALSE,FALSE,FALSE,TRUE,FALSE,TRUE,FALSE,FALSE,FALSE,FALSE,FALSE,FALSE,FALSE,FALSE,FALSE,FALSE,TRUE,FALSE,FALSE,FALSE,FALSE,FALSE,FALSE,FALSE,FALSE,FALSE,FALSE,FALSE,1,1,1,2,3,3,4,4,2,2,2,6,3,4,4,3,3,3,3,4,5,4,5,4,2,1,2,1,2,1,3,37.11970645,39.12695579
9941793,0015192920_0001_001.jpg,1,1,65,2,11,9,2,5,11,14,TRUE,TRUE,TRUE,TRUE,TRUE,TRUE,TRUE,TRUE,FALSE,TRUE,TRUE,TRUE,TRUE,TRUE,TRUE,TRUE,TRUE,TRUE,TRUE,TRUE,TRUE,TRUE,TRUE,TRUE,TRUE,TRUE,TRUE,TRUE,FALSE,TRUE,TRUE,TRUE,TRUE,TRUE,TRUE,TRUE,TRUE,TRUE,3,2,1,2,4,4,2,3,2,1,2,5,5,2,2,3,2,2,2,1,5,3,2,5,3,2,4,2,2,1,3,13.89727322,20.79222899
10036302,0015192490_0001_001.jpg,1,1,50,2,8,5,2,7,8,5,TRUE,FALSE,FALSE,FALSE,TRUE,TRUE,TRUE,FALSE,FALSE,FALSE,FALSE,FALSE,FALSE,TRUE,FALSE,TRUE,FALSE,FALSE,FALSE,FALSE,FALSE,FALSE,FALSE,FALSE,FALSE,FALSE,FALSE,FALSE,FALSE,FALSE,TRUE,FALSE,FALSE,FALSE,FALSE,FALSE,FALSE,FALSE,3,3,4,2,4,6,2,3,5,2,3,5,5,1,3,2,2,2,2,5,3,3,2,6,3,2,3,2,3,4,3,45.49427202,53.61666816
10136107,0015192658_0001_001.jpg,2,1,52,2,7,3,2,1,7,10,TRUE,FALSE,TRUE,FALSE,FALSE,FALSE,FALSE,TRUE,TRUE,FALSE,FALSE,FALSE,FALSE,TRUE,FALSE,TRUE,FALSE,FALSE,FALSE,FALSE,FALSE,FALSE,FALSE,FALSE,FALSE,FALSE,FALSE,FALSE,FALSE,FALSE,FALSE,FALSE,FALSE,FALSE,FALSE,FALSE,FALSE,FALSE,2,2,2,2,5,5,3,3,3,2,2,4,4,2,3,3,3,3,3,4,4,3,3,4,3,2,2,1,2,3,2,80.51721043,76.3995353
10141743,0015192617_0001_001.jpg,1,1,47,2,7,6,2,7,7,13,TRUE,TRUE,TRUE,TRUE,FALSE,TRUE,TRUE,TRUE,TRUE,TRUE,TRUE,TRUE,FALSE,FALSE,FALSE,FALSE,FALSE,TRUE,FALSE,FALSE,TRUE,FALSE,FALSE,FALSE,FALSE,FALSE,FALSE,FALSE,FALSE,FALSE,FALSE,FALSE,FALSE,FALSE,TRUE,FALSE,FALSE,TRUE,3,3,3,4,5,5,3,3,4,4,5,3,5,3,3,3,3,3,3,3,5,3,3,3,3,4,2,1,3,4,3,43.16334019,51.45340687
10162353,0015192618_0001_001.jpg,2,1,41,1,6,3,1,6,6,4,TRUE,FALSE,FALSE,TRUE,FALSE,TRUE,TRUE,FALSE,FALSE,FALSE,FALSE,FALSE,FALSE,FALSE,FALSE,FALSE,FALSE,TRUE,FALSE,FALSE,TRUE,TRUE,FALSE,TRUE,FALSE,FALSE,TRUE,FALSE,TRUE,FALSE,FALSE,FALSE,FALSE,FALSE,TRUE,FALSE,FALSE,FALSE,1,1,2,2,5,4,4,3,3,2,1,1,5,1,2,2,2,2,2,1,5,1,1,1,4,4,2,1,3,5,5,59.60616016,67.87801567
10191665,0015192837_0001_001.jpg,2,1,26,1,5,4,1,7,5,6,TRUE,FALSE,FALSE,FALSE,FALSE,TRUE,TRUE,TRUE,TRUE,TRUE,FALSE,TRUE,TRUE,TRUE,TRUE,TRUE,TRUE,FALSE,FALSE,TRUE,TRUE,TRUE,TRUE,TRUE,FALSE,FALSE,FALSE,TRUE,TRUE,TRUE,TRUE,TRUE,FALSE,FALSE,TRUE,FALSE,FALSE,FALSE,3,3,3,2,3,4,4,2,2,4,3,3,4,3,3,3,4,4,3,3,4,3,3,3,3,4,4,1,4,3,5,39.84392369,54.84109585
10205267,0015192512_0001_001.jpg,2,1,46,2,1,2,2,7,1,6,TRUE,FALSE,TRUE,TRUE,TRUE,TRUE,TRUE,TRUE,FALSE,TRUE,FALSE,TRUE,FALSE,TRUE,FALSE,TRUE,TRUE,TRUE,FALSE,FALSE,TRUE,FALSE,FALSE,FALSE,FALSE,FALSE,TRUE,FALSE,FALSE,FALSE,FALSE,FALSE,FALSE,FALSE,FALSE,FALSE,FALSE,TRUE,1,1,2,1,1,4,1,2,4,4,1,1,7,1,4,1,3,4,1,4,1,1,1,1,3,2,3,3,5,3,3,47.57822761,46.39791506
10254742,0015192912_0001_001.jpg,2,1,31,2,2,1,2,2,2,1,FALSE,FALSE,FALSE,FALSE,FALSE,FALSE,FALSE,FALSE,FALSE,FALSE,FALSE,FALSE,FALSE,FALSE,FALSE,TRUE,FALSE,FALSE,FALSE,FALSE,FALSE,FALSE,FALSE,FALSE,FALSE,FALSE,FALSE,FALSE,FALSE,FALSE,FALSE,FALSE,FALSE,FALSE,FALSE,FALSE,TRUE,FALSE,1,2,2,2,6,6,2,2,2,2,3,6,6,2,2,2,2,2,2,2,6,2,2,6,5,5,5,5,5,4,4,21.63406572,25.34656287
10292272,0015192685_0001_001.jpg,1,1,62,3,11,4,3,5,11,8,FALSE,FALSE,TRUE,TRUE,FALSE,FALSE,TRUE,TRUE,FALSE,FALSE,FALSE,TRUE,FALSE,TRUE,FALSE,FALSE,TRUE,TRUE,FALSE,FALSE,TRUE,FALSE,FALSE,FALSE,FALSE,FALSE,FALSE,FALSE,TRUE,TRUE,FALSE,TRUE,TRUE,FALSE,TRUE,FALSE,FALSE,TRUE,1,1,1,1,1,1,1,7,7,4,1,1,1,1,1,5,5,4,4,5,5,5,5,2,3,3,5,2,5,3,4,14.94259728,14.94566891
10342259,0015192654_0001_001.jpg,2,1,36,1,6,3,1,6,6,12,TRUE,FALSE,TRUE,TRUE,TRUE,TRUE,TRUE,TRUE,TRUE,TRUE,TRUE,TRUE,TRUE,TRUE,FALSE,TRUE,TRUE,TRUE,FALSE,TRUE,TRUE,FALSE,FALSE,FALSE,TRUE,TRUE,TRUE,TRUE,TRUE,TRUE,TRUE,TRUE,TRUE,FALSE,TRUE,TRUE,TRUE,TRUE,1,1,5,4,3,4,4,1,4,1,2,2,3,1,1,1,1,1,4,2,4,1,1,4,2,3,2,1,2,2,3,57.25637251,47.6102349
10427853,0015192729_0001_001.jpg,2,1,45,9,8,6,9,7,8,13,TRUE,TRUE,TRUE,TRUE,TRUE,TRUE,TRUE,TRUE,TRUE,TRUE,TRUE,TRUE,FALSE,TRUE,TRUE,TRUE,TRUE,TRUE,FALSE,FALSE,TRUE,FALSE,FALSE,FALSE,FALSE,FALSE,FALSE,FALSE,TRUE,TRUE,FALSE,FALSE,FALSE,FALSE,FALSE,FALSE,FALSE,FALSE,2,3,4,3,5,5,5,2,3,2,2,5,3,3,3,4,4,3,3,3,4,3,2,1,2,3,3,1,4,3,5,48.86930926,63.92938722
10437158,0015192540_0001_001.jpg,1,1,51,4,11,8,4,6,11,18,FALSE,FALSE,FALSE,FALSE,FALSE,FALSE,FALSE,TRUE,FALSE,FALSE,TRUE,TRUE,TRUE,TRUE,TRUE,TRUE,TRUE,TRUE,TRUE,TRUE,TRUE,TRUE,TRUE,TRUE,TRUE,TRUE,TRUE,TRUE,FALSE,TRUE,TRUE,TRUE,TRUE,TRUE,TRUE,TRUE,TRUE,TRUE,3,3,3,4,4,4,4,4,3,3,2,3,3,3,4,3,4,4,3,3,4,3,3,3,3,2,2,1,2,2,3,59.97196029,43.3165234
10453785,0015192963_0001_001.jpg,1,1,21,1,10,10,1,6,10,7,TRUE,FALSE,TRUE,FALSE,FALSE,TRUE,TRUE,TRUE,FALSE,FALSE,FALSE,FALSE,FALSE,FALSE,TRUE,TRUE,TRUE,FALSE,FALSE,FALSE,TRUE,FALSE,FALSE,FALSE,FALSE,FALSE,TRUE,FALSE,FALSE,FALSE,FALSE,FALSE,FALSE,FALSE,FALSE,FALSE,FALSE,FALSE,1,1,1,2,6,6,2,1,2,4,2,5,7,4,5,2,2,1,2,3,6,3,2,4,3,2,4,5,4,3,5,1.249468005,2.972137424
10476179,0015192918_0001_001.jpg,1,1,52,2,4,4,2,7,4,7,TRUE,FALSE,FALSE,FALSE,FALSE,FALSE,TRUE,FALSE,FALSE,FALSE,FALSE,FALSE,FALSE,FALSE,FALSE,FALSE,FALSE,FALSE,FALSE,FALSE,TRUE,FALSE,FALSE,TRUE,FALSE,FALSE,FALSE,TRUE,FALSE,FALSE,TRUE,TRUE,FALSE,FALSE,TRUE,FALSE,FALSE,TRUE,2,2,2,2,3,2,3,2,7,3,3,1,3,2,6,2,2,2,2,6,6,2,2,4,5,4,5,5,5,4,5,14.38986683,19.42754642
10532466,0015192841_0001_001.jpg,2,1,53,1,3,2,1,1,3,7,TRUE,FALSE,TRUE,TRUE,TRUE,TRUE,TRUE,TRUE,FALSE,FALSE,FALSE,TRUE,FALSE,TRUE,FALSE,TRUE,TRUE,TRUE,FALSE,TRUE,TRUE,FALSE,FALSE,FALSE,FALSE,FALSE,TRUE,FALSE,TRUE,FALSE,TRUE,TRUE,TRUE,FALSE,TRUE,FALSE,FALSE,FALSE,7,7,2,1,3,3,3,2,2,2,2,3,3,2,2,3,2,2,4,3,5,2,2,5,3,4,3,2,4,3,4,21.31317679,29.46697146
10532552,0015210845_0001_001.jpg,2,1,56,3,4,4,3,4,4,9,TRUE,TRUE,TRUE,TRUE,TRUE,TRUE,TRUE,FALSE,TRUE,TRUE,TRUE,TRUE,TRUE,TRUE,TRUE,TRUE,TRUE,TRUE,TRUE,TRUE,TRUE,TRUE,TRUE,TRUE,TRUE,TRUE,TRUE,TRUE,TRUE,TRUE,TRUE,TRUE,TRUE,TRUE,TRUE,TRUE,TRUE,TRUE,1,4,5,5,2,1,6,7,5,6,3,1,1,1,3,1,6,6,1,5,2,1,1,2,2,1,2,1,3,1,3,21.39213508,32.24056442
10542705,0015192517_0001_001.jpg,1,1,68,8,6,4,8,5,6,15,TRUE,FALSE,TRUE,FALSE,FALSE,FALSE,TRUE,TRUE,FALSE,TRUE,FALSE,FALSE,FALSE,TRUE,FALSE,FALSE,TRUE,TRUE,FALSE,TRUE,TRUE,TRUE,FALSE,FALSE,FALSE,FALSE,TRUE,TRUE,FALSE,TRUE,FALSE,TRUE,FALSE,FALSE,FALSE,FALSE,FALSE,TRUE,5,5,3,3,3,5,4,4,4,4,3,3,3,3,3,4,4,4,3,3,3,3,3,3,3,3,4,1,4,4,3,42.36716006,54.01208151
10560558,0015268631_0001_001.jpg,2,1,44,1,9,3,1,5,9,2,TRUE,FALSE,TRUE,TRUE,TRUE,TRUE,TRUE,TRUE,TRUE,TRUE,FALSE,FALSE,FALSE,TRUE,FALSE,TRUE,FALSE,TRUE,FALSE,FALSE,TRUE,FALSE,FALSE,FALSE,FALSE,TRUE,FALSE,FALSE,TRUE,FALSE,TRUE,TRUE,FALSE,FALSE,TRUE,FALSE,FALSE,TRUE,5,5,5,5,2,2,4,3,4,3,3,6,2,3,4,4,4,4,4,4,4,4,2,4,2,2,2,1,3,1,3,29.7195891,34.26791463
10597642,0015262739_0001_001.jpg,1,1,39,5,9,7,5,4,9,11,FALSE,FALSE,FALSE,FALSE,FALSE,FALSE,FALSE,FALSE,FALSE,FALSE,FALSE,FALSE,FALSE,FALSE,FALSE,FALSE,FALSE,FALSE,FALSE,FALSE,FALSE,FALSE,FALSE,FALSE,FALSE,FALSE,FALSE,FALSE,FALSE,FALSE,FALSE,FALSE,FALSE,FALSE,FALSE,FALSE,FALSE,FALSE,3,3,6,3,2,2,4,4,5,4,2,1,3,1,4,2,4,4,1,2,4,4,2,2,1,1,1,1,1,2,1,23.29771781,30.64759841
10619853,0015193001_0001_001.jpg,2,1,70,1,6,4,1,7,6,6,TRUE,TRUE,TRUE,TRUE,FALSE,TRUE,TRUE,TRUE,FALSE,TRUE,TRUE,TRUE,TRUE,TRUE,TRUE,TRUE,TRUE,TRUE,TRUE,TRUE,TRUE,TRUE,TRUE,FALSE,TRUE,TRUE,TRUE,TRUE,TRUE,TRUE,TRUE,TRUE,TRUE,TRUE,TRUE,TRUE,TRUE,TRUE,1,1,1,3,3,3,5,5,4,2,2,2,2,1,1,1,3,2,2,2,4,1,1,2,3,1,2,5,4,1,3,17.01947982,21.63021205
10651481,0015192849_0001_001.jpg,2,1,64,2,5,4,2,5,5,7,FALSE,FALSE,TRUE,FALSE,FALSE,FALSE,FALSE,FALSE,FALSE,FALSE,FALSE,FALSE,FALSE,FALSE,FALSE,FALSE,FALSE,FALSE,FALSE,FALSE,TRUE,FALSE,FALSE,FALSE,FALSE,FALSE,FALSE,FALSE,FALSE,FALSE,FALSE,FALSE,FALSE,FALSE,FALSE,FALSE,FALSE,FALSE,3,4,4,4,4,4,4,4,3,4,4,4,3,4,4,4,3,4,4,4,4,4,4,4,2,1,3,2,2,1,3,28.45885109,33.50410418
10698932,0015192907_0001_001.jpg,1,1,59,2,8,8,2,1,8,16,TRUE,FALSE,TRUE,FALSE,FALSE,FALSE,TRUE,FALSE,FALSE,FALSE,FALSE,FALSE,FALSE,FALSE,FALSE,FALSE,FALSE,FALSE,FALSE,FALSE,TRUE,FALSE,FALSE,FALSE,FALSE,FALSE,FALSE,FALSE,TRUE,FALSE,FALSE,FALSE,FALSE,FALSE,TRUE,FALSE,FALSE,FALSE,3,5,6,3,1,2,2,1,5,2,7,2,5,4,4,2,2,6,2,3,4,3,1,4,1,2,2,2,1,1,1,8.236226178,17.84536982
10709760,0015192763_0001_001.jpg,1,1,36,3,4,4,3,5,4,10,TRUE,FALSE,FALSE,FALSE,FALSE,FALSE,TRUE,FALSE,FALSE,FALSE,FALSE,FALSE,FALSE,FALSE,FALSE,TRUE,FALSE,FALSE,FALSE,FALSE,FALSE,FALSE,FALSE,FALSE,FALSE,FALSE,FALSE,FALSE,FALSE,FALSE,FALSE,FALSE,FALSE,FALSE,FALSE,FALSE,FALSE,FALSE,3,3,3,2,1,1,3,7,4,7,6,1,1,7,4,4,4,4,4,4,4,5,3,3,3,3,2,2,5,3,4,6.825014894,12.18852677
10713711,0015200638_0001_001.jpg,2,2,39,1,7,3,1,2,7,5,FALSE,FALSE,TRUE,TRUE,TRUE,TRUE,TRUE,TRUE,FALSE,TRUE,FALSE,TRUE,FALSE,TRUE,TRUE,TRUE,TRUE,FALSE,FALSE,TRUE,TRUE,TRUE,FALSE,FALSE,TRUE,TRUE,TRUE,TRUE,FALSE,TRUE,TRUE,TRUE,TRUE,FALSE,TRUE,TRUE,TRUE,TRUE,3,3,6,3,3,2,4,6,3,4,2,3,5,3,3,3,3,3,3,3,3,5,5,3,3,4,3,3,2,1,4,22.67880159,26.12546505
10720546,0015193243_0001_001.jpg,2,1,46,1,7,6,1,7,7,7,FALSE,FALSE,TRUE,TRUE,TRUE,TRUE,TRUE,FALSE,FALSE,FALSE,FALSE,FALSE,FALSE,TRUE,FALSE,TRUE,FALSE,FALSE,FALSE,TRUE,FALSE,FALSE,FALSE,FALSE,FALSE,FALSE,FALSE,TRUE,FALSE,FALSE,TRUE,FALSE,FALSE,FALSE,TRUE,FALSE,FALSE,TRUE,3,3,3,4,3,4,4,3,4,2,2,3,4,3,4,3,3,4,3,4,4,3,4,3,3,1,2,1,2,2,3,24.61728637,31.64564246
10737021,0015205094_0001_001.jpg,1,1,45,4,8,6,4,1,8,14,FALSE,FALSE,FALSE,FALSE,FALSE,FALSE,FALSE,FALSE,FALSE,FALSE,FALSE,FALSE,TRUE,TRUE,FALSE,TRUE,TRUE,FALSE,FALSE,FALSE,FALSE,FALSE,FALSE,FALSE,FALSE,FALSE,FALSE,FALSE,FALSE,FALSE,TRUE,FALSE,FALSE,FALSE,TRUE,FALSE,FALSE,FALSE,4,4,5,2,5,3,3,3,2,2,3,2,2,2,2,2,3,3,3,2,4,4,2,5,3,1,3,1,3,3,3,36.53821177,46.5589237
10747388,0015192457_0001_001.jpg,2,1,39,2,2,2,2,7,2,5,TRUE,FALSE,FALSE,TRUE,FALSE,FALSE,FALSE,FALSE,FALSE,FALSE,FALSE,FALSE,FALSE,TRUE,FALSE,TRUE,FALSE,FALSE,FALSE,FALSE,FALSE,FALSE,FALSE,FALSE,FALSE,FALSE,FALSE,FALSE,TRUE,FALSE,FALSE,FALSE,FALSE,FALSE,FALSE,FALSE,FALSE,FALSE,6,6,4,4,4,4,5,6,4,3,2,2,4,2,3,4,2,3,2,2,5,3,3,2,1,1,1,1,1,1,1,15.33538772,17.86437141
10759798,0015210708_0001_001.jpg,2,2,29,1,4,1,1,7,4,5,TRUE,TRUE,TRUE,TRUE,TRUE,TRUE,TRUE,TRUE,FALSE,TRUE,FALSE,TRUE,TRUE,TRUE,TRUE,TRUE,TRUE,TRUE,TRUE,TRUE,TRUE,TRUE,TRUE,TRUE,TRUE,TRUE,TRUE,TRUE,FALSE,TRUE,TRUE,TRUE,TRUE,TRUE,TRUE,TRUE,TRUE,TRUE,3,4,4,3,2,3,4,4,4,3,4,2,4,1,3,4,3,3,3,4,4,2,2,2,4,5,3,3,4,4,3,97.90554351,86.46656235
10759850,0015192476_0001_001.jpg,2,1,66,2,3,1,2,7,3,1,TRUE,FALSE,FALSE,FALSE,FALSE,FALSE,FALSE,FALSE,FALSE,FALSE,FALSE,FALSE,FALSE,FALSE,FALSE,TRUE,FALSE,FALSE,FALSE,FALSE,FALSE,FALSE,FALSE,FALSE,FALSE,FALSE,FALSE,FALSE,FALSE,FALSE,FALSE,FALSE,FALSE,FALSE,FALSE,FALSE,FALSE,FALSE,4,4,4,4,3,3,5,4,4,4,4,4,4,4,4,4,4,4,4,4,4,4,4,4,3,2,4,1,2,2,3,19.71210665,26.31567349
10760353,0015192522_0001_001.jpg,1,2,61,2,8,6,2,5,8,18,TRUE,FALSE,TRUE,FALSE,FALSE,TRUE,TRUE,FALSE,FALSE,FALSE,FALSE,FALSE,FALSE,TRUE,FALSE,FALSE,FALSE,FALSE,FALSE,FALSE,FALSE,FALSE,FALSE,FALSE,FALSE,FALSE,FALSE,FALSE,FALSE,FALSE,FALSE,TRUE,FALSE,FALSE,TRUE,FALSE,FALSE,FALSE,4,4,1,4,4,4,6,4,2,4,4,5,5,3,5,4,4,4,4,3,5,4,3,5,3,5,3,2,4,3,3,48.44301334,53.83156798
10779878,0015192647_0001_001.jpg,1,2,66,3,7,11,3,5,7,14,TRUE,TRUE,TRUE,TRUE,TRUE,TRUE,TRUE,TRUE,TRUE,TRUE,TRUE,TRUE,TRUE,TRUE,TRUE,TRUE,TRUE,TRUE,TRUE,TRUE,TRUE,TRUE,TRUE,TRUE,TRUE,TRUE,TRUE,TRUE,TRUE,TRUE,TRUE,TRUE,TRUE,TRUE,TRUE,TRUE,TRUE,TRUE,4,4,3,4,4,3,4,5,4,5,3,4,3,4,5,3,4,3,5,4,3,4,5,4,2,2,2,1,2,1,3,2.81689984,3.136604358
10789951,0015192894_0001_001.jpg,2,1,51,3,8,4,3,5,8,8,FALSE,FALSE,TRUE,FALSE,FALSE,FALSE,TRUE,TRUE,TRUE,FALSE,FALSE,FALSE,FALSE,TRUE,TRUE,FALSE,FALSE,FALSE,FALSE,FALSE,FALSE,FALSE,FALSE,FALSE,FALSE,FALSE,FALSE,FALSE,FALSE,FALSE,TRUE,FALSE,FALSE,FALSE,FALSE,FALSE,FALSE,TRUE,5,5,3,4,3,2,6,4,4,3,5,3,4,4,6,5,3,4,5,5,2,4,5,4,4,2,2,1,3,3,3,33.67320961,43.51115655
10819405,0015192697_0001_001.jpg,1,1,32,4,8,6,4,7,8,12,TRUE,TRUE,TRUE,TRUE,TRUE,TRUE,TRUE,FALSE,TRUE,TRUE,TRUE,TRUE,TRUE,TRUE,FALSE,TRUE,TRUE,FALSE,FALSE,TRUE,FALSE,FALSE,FALSE,FALSE,FALSE,FALSE,FALSE,FALSE,TRUE,TRUE,FALSE,FALSE,TRUE,FALSE,TRUE,FALSE,FALSE,TRUE,2,1,2,4,4,5,3,4,6,5,2,3,5,3,3,4,4,3,2,5,5,2,2,3,4,2,3,2,2,2,3,1.113642479,1.078268853
10820220,0015192542_0001_001.jpg,2,2,60,1,7,3,1,5,7,7,TRUE,FALSE,FALSE,FALSE,FALSE,FALSE,TRUE,FALSE,FALSE,FALSE,FALSE,FALSE,FALSE,FALSE,FALSE,TRUE,FALSE,FALSE,FALSE,FALSE,FALSE,FALSE,FALSE,FALSE,FALSE,FALSE,FALSE,FALSE,FALSE,FALSE,FALSE,FALSE,FALSE,FALSE,FALSE,FALSE,FALSE,FALSE,4,3,3,3,3,3,4,4,4,4,4,1,1,1,5,3,4,4,3,3,4,3,3,3,3,3,2,1,4,3,3,36.1481757,42.14382957
10824301,0015192599_0001_001.jpg,1,1,49,2,8,6,2,7,8,6,TRUE,FALSE,FALSE,FALSE,FALSE,FALSE,FALSE,FALSE,FALSE,FALSE,FALSE,FALSE,FALSE,TRUE,FALSE,FALSE,FALSE,FALSE,FALSE,FALSE,FALSE,FALSE,FALSE,FALSE,FALSE,FALSE,FALSE,FALSE,TRUE,FALSE,FALSE,FALSE,FALSE,FALSE,FALSE,FALSE,FALSE,FALSE,4,4,2,3,2,6,6,2,2,2,1,2,3,2,3,2,3,3,2,1,1,2,2,2,1,2,1,1,1,2,1,14.30193475,18.46546136
10836260,0015192768_0001_001.jpg,2,2,38,1,7,2,1,2,7,1,TRUE,TRUE,TRUE,TRUE,TRUE,TRUE,TRUE,TRUE,TRUE,TRUE,TRUE,TRUE,TRUE,TRUE,TRUE,TRUE,TRUE,TRUE,TRUE,TRUE,TRUE,TRUE,TRUE,TRUE,TRUE,FALSE,TRUE,TRUE,FALSE,TRUE,TRUE,TRUE,TRUE,TRUE,TRUE,TRUE,TRUE,TRUE,3,3,3,3,5,5,3,3,3,3,3,5,5,3,3,3,3,3,3,2,5,3,2,6,4,3,3,1,5,5,5,73.98241209,70.38637555
10844598,0015253118_0001_001.jpg,1,1,44,2,4,4,2,6,4,11,TRUE,TRUE,TRUE,TRUE,FALSE,TRUE,TRUE,FALSE,FALSE,TRUE,TRUE,TRUE,FALSE,FALSE,FALSE,FALSE,TRUE,TRUE,FALSE,FALSE,TRUE,TRUE,TRUE,FALSE,TRUE,TRUE,TRUE,TRUE,FALSE,TRUE,TRUE,TRUE,FALSE,FALSE,FALSE,TRUE,FALSE,TRUE,1,2,2,4,2,3,4,7,5,7,2,3,2,1,3,2,6,5,1,6,4,1,3,1,2,2,2,1,2,2,3,58.05657971,56.78788271
10847056,0015193007_0001_001.jpg,2,2,35,1,8,1,1,1,8,4,TRUE,FALSE,FALSE,FALSE,FALSE,FALSE,FALSE,FALSE,TRUE,FALSE,FALSE,FALSE,FALSE,FALSE,FALSE,FALSE,FALSE,FALSE,FALSE,FALSE,TRUE,FALSE,FALSE,FALSE,FALSE,FALSE,FALSE,FALSE,FALSE,FALSE,TRUE,FALSE,FALSE,FALSE,FALSE,FALSE,FALSE,FALSE,1,1,2,2,4,4,2,3,4,4,2,4,4,2,5,2,2,2,3,4,2,1,1,6,3,3,3,4,2,2,3,20.53850901,25.24198977
10854180,0015192727_0001_001.jpg,1,1,43,2,11,1,2,5,11,10,TRUE,TRUE,TRUE,TRUE,TRUE,TRUE,TRUE,FALSE,FALSE,TRUE,TRUE,TRUE,TRUE,TRUE,TRUE,TRUE,TRUE,TRUE,TRUE,TRUE,TRUE,TRUE,TRUE,TRUE,TRUE,TRUE,TRUE,TRUE,TRUE,TRUE,TRUE,TRUE,TRUE,TRUE,TRUE,TRUE,TRUE,TRUE,1,1,1,1,1,7,1,1,1,1,1,1,7,1,1,1,1,1,1,1,7,1,1,1,4,3,5,2,4,3,3,2.917054479,3.132286761
10939161,0015202272_0001_001.jpg,1,1,56,6,8,6,6,7,8,11,TRUE,FALSE,TRUE,TRUE,TRUE,TRUE,TRUE,FALSE,TRUE,TRUE,FALSE,TRUE,TRUE,TRUE,FALSE,TRUE,TRUE,TRUE,FALSE,TRUE,TRUE,TRUE,TRUE,TRUE,TRUE,TRUE,TRUE,TRUE,TRUE,TRUE,TRUE,TRUE,TRUE,FALSE,TRUE,TRUE,TRUE,TRUE,4,6,5,5,4,4,4,4,6,5,6,5,2,4,5,4,4,4,4,3,3,3,3,4,3,4,3,2,4,4,4,26.37302036,30.39902242
10944790,0015211324_0001_001.jpg,1,1,55,8,8,4,8,5,8,9,FALSE,FALSE,FALSE,FALSE,FALSE,FALSE,FALSE,FALSE,TRUE,FALSE,FALSE,FALSE,FALSE,FALSE,FALSE,TRUE,FALSE,FALSE,FALSE,FALSE,FALSE,FALSE,FALSE,FALSE,FALSE,FALSE,FALSE,FALSE,FALSE,FALSE,FALSE,FALSE,FALSE,FALSE,FALSE,FALSE,FALSE,FALSE,5,4,3,4,2,2,3,3,3,2,2,3,2,2,2,2,2,2,2,2,2,2,2,2,3,4,3,4,3,4,3,1.9533834,8.763363145
10947113,0015208102_0001_001.jpg,1,1,39,4,8,6,4,4,8,14,FALSE,FALSE,FALSE,FALSE,FALSE,FALSE,FALSE,FALSE,FALSE,FALSE,FALSE,FALSE,FALSE,FALSE,FALSE,FALSE,FALSE,FALSE,FALSE,FALSE,FALSE,FALSE,FALSE,FALSE,FALSE,FALSE,FALSE,FALSE,FALSE,FALSE,FALSE,FALSE,FALSE,FALSE,FALSE,FALSE,FALSE,FALSE,4,4,4,4,4,4,4,4,4,4,4,4,4,4,4,4,4,4,4,4,4,4,4,4,5,3,5,3,5,4,4,12.67516695,12.67341331
10956082,0015201824_0001_001.jpg,2,1,35,1,6,4,1,5,6,6,TRUE,FALSE,FALSE,FALSE,TRUE,FALSE,FALSE,FALSE,FALSE,FALSE,FALSE,FALSE,TRUE,TRUE,FALSE,FALSE,TRUE,FALSE,FALSE,FALSE,FALSE,FALSE,FALSE,FALSE,FALSE,FALSE,FALSE,TRUE,FALSE,FALSE,FALSE,FALSE,FALSE,FALSE,FALSE,FALSE,FALSE,TRUE,3,3,4,6,1,3,6,3,4,2,1,2,4,3,3,3,2,3,2,3,7,2,1,3,3,4,3,4,3,4,5,76.31693611,91.43729768
10982317,0015192748_0001_001.jpg,2,2,49,1,4,1,1,5,4,6,TRUE,FALSE,TRUE,TRUE,TRUE,TRUE,TRUE,TRUE,FALSE,TRUE,FALSE,TRUE,TRUE,TRUE,TRUE,TRUE,TRUE,TRUE,TRUE,FALSE,TRUE,TRUE,FALSE,TRUE,TRUE,TRUE,TRUE,TRUE,TRUE,TRUE,TRUE,TRUE,TRUE,TRUE,TRUE,TRUE,TRUE,TRUE,3,3,2,3,1,5,3,3,3,2,3,4,3,5,4,3,2,2,2,4,4,3,2,3,3,3,2,1,3,3,2,102.1976082,102.6076228
11033381,0015192901_0001_001.jpg,2,2,32,1,3,3,1,3,3,7,TRUE,FALSE,TRUE,FALSE,FALSE,TRUE,TRUE,FALSE,FALSE,FALSE,FALSE,FALSE,FALSE,FALSE,FALSE,FALSE,TRUE,FALSE,FALSE,FALSE,FALSE,TRUE,FALSE,FALSE,FALSE,FALSE,TRUE,FALSE,TRUE,FALSE,TRUE,FALSE,FALSE,TRUE,FALSE,FALSE,FALSE,TRUE,4,4,3,2,3,3,4,4,5,5,3,3,5,3,4,3,5,4,4,3,2,4,2,2,4,3,3,1,4,5,4,37.93996152,44.55082564
11080247,0015192577_0001_001.jpg,1,1,37,4,7,8,4,7,7,3,FALSE,FALSE,TRUE,FALSE,FALSE,FALSE,TRUE,TRUE,FALSE,FALSE,FALSE,FALSE,FALSE,FALSE,FALSE,FALSE,FALSE,FALSE,FALSE,FALSE,FALSE,FALSE,FALSE,FALSE,FALSE,FALSE,TRUE,FALSE,FALSE,FALSE,TRUE,FALSE,FALSE,FALSE,TRUE,FALSE,FALSE,FALSE,4,3,4,2,6,3,2,4,6,4,3,5,4,3,2,4,4,3,3,5,5,3,3,6,1,1,1,1,1,1,1,1.66842241,1.355569407
11096934,0015192958_0001_001.jpg,2,2,36,2,1,1,2,6,1,2,FALSE,FALSE,TRUE,TRUE,TRUE,TRUE,TRUE,TRUE,FALSE,FALSE,FALSE,FALSE,FALSE,TRUE,FALSE,FALSE,FALSE,FALSE,FALSE,FALSE,FALSE,FALSE,FALSE,FALSE,FALSE,FALSE,FALSE,FALSE,FALSE,FALSE,FALSE,FALSE,FALSE,FALSE,FALSE,FALSE,FALSE,FALSE,5,3,2,1,4,6,3,5,4,1,3,3,6,1,3,3,2,2,2,3,4,3,2,3,4,3,3,3,2,2,4,26.62431071,40.13848203
11113329,0015192543_0001_001.jpg,2,1,62,1,6,3,1,7,6,9,TRUE,TRUE,TRUE,TRUE,TRUE,FALSE,FALSE,TRUE,FALSE,FALSE,FALSE,FALSE,FALSE,FALSE,FALSE,TRUE,FALSE,FALSE,FALSE,FALSE,TRUE,TRUE,FALSE,TRUE,FALSE,FALSE,FALSE,FALSE,TRUE,FALSE,FALSE,FALSE,FALSE,FALSE,TRUE,FALSE,FALSE,FALSE,5,3,3,3,5,5,3,3,4,2,4,6,5,3,3,4,3,3,3,3,5,3,3,5,2,2,2,1,3,1,3,28.76868398,30.81164478
11117514,0015192788_0001_001.jpg,1,1,20,1,9,4,1,7,9,10,FALSE,FALSE,FALSE,TRUE,FALSE,TRUE,FALSE,FALSE,TRUE,FALSE,FALSE,FALSE,FALSE,TRUE,FALSE,FALSE,TRUE,TRUE,TRUE,TRUE,TRUE,FALSE,TRUE,FALSE,TRUE,FALSE,TRUE,FALSE,FALSE,FALSE,FALSE,FALSE,FALSE,FALSE,TRUE,FALSE,FALSE,FALSE,6,5,3,5,5,4,4,3,5,4,3,3,4,4,4,5,3,4,5,3,5,4,4,4,4,1,1,2,4,1,1,3.120712652,3.190713043
11119403,0015203337_0001_001.jpg,2,1,59,5,6,6,5,7,6,18,TRUE,TRUE,TRUE,TRUE,TRUE,TRUE,TRUE,TRUE,TRUE,TRUE,TRUE,TRUE,FALSE,TRUE,TRUE,TRUE,TRUE,TRUE,TRUE,TRUE,TRUE,TRUE,TRUE,TRUE,TRUE,TRUE,TRUE,TRUE,FALSE,TRUE,TRUE,TRUE,TRUE,TRUE,TRUE,TRUE,TRUE,TRUE,4,4,6,6,2,1,7,7,7,7,3,1,5,1,4,1,6,6,1,7,1,1,1,1,4,2,3,1,3,4,3,15.72778244,20.45327598
11133565,0015192744_0001_001.jpg,2,1,52,9,7,5,9,3,7,17,TRUE,FALSE,TRUE,TRUE,TRUE,TRUE,TRUE,FALSE,TRUE,TRUE,TRUE,TRUE,TRUE,TRUE,TRUE,TRUE,TRUE,TRUE,TRUE,TRUE,TRUE,TRUE,TRUE,TRUE,TRUE,TRUE,TRUE,TRUE,TRUE,TRUE,TRUE,TRUE,TRUE,TRUE,TRUE,TRUE,TRUE,TRUE,2,2,3,3,4,4,3,4,2,2,3,4,2,2,2,2,2,2,2,2,3,3,2,4,4,5,3,2,5,5,3,139.8479192,121.998598
11135200,0015192770_0001_001.jpg,1,2,48,2,6,4,2,5,6,9,TRUE,TRUE,TRUE,TRUE,TRUE,FALSE,TRUE,TRUE,TRUE,TRUE,TRUE,TRUE,TRUE,TRUE,TRUE,TRUE,TRUE,TRUE,TRUE,TRUE,TRUE,TRUE,TRUE,TRUE,TRUE,TRUE,TRUE,TRUE,FALSE,TRUE,TRUE,TRUE,TRUE,TRUE,TRUE,TRUE,TRUE,TRUE,3,4,2,2,2,4,4,4,4,2,4,3,4,3,2,4,4,4,3,3,4,3,2,4,4,4,3,1,5,4,4,17.34605855,26.23586361
11142225,0015192980_0001_001.jpg,1,1,43,14,9,6,14,7,9,17,TRUE,TRUE,TRUE,TRUE,TRUE,TRUE,TRUE,TRUE,TRUE,TRUE,TRUE,TRUE,FALSE,TRUE,FALSE,TRUE,TRUE,TRUE,FALSE,FALSE,TRUE,TRUE,TRUE,FALSE,FALSE,TRUE,TRUE,FALSE,FALSE,FALSE,TRUE,TRUE,FALSE,FALSE,TRUE,FALSE,FALSE,TRUE,2,3,2,4,2,3,6,4,6,2,4,2,5,1,3,2,2,5,3,2,1,5,2,3,4,4,3,1,4,4,3,182.252759,131.0496042
11146330,0015204233_0001_001.jpg,1,1,50,6,8,7,6,5,8,13,FALSE,FALSE,FALSE,FALSE,FALSE,FALSE,FALSE,FALSE,FALSE,FALSE,FALSE,FALSE,FALSE,FALSE,FALSE,FALSE,FALSE,FALSE,FALSE,FALSE,FALSE,FALSE,FALSE,FALSE,FALSE,FALSE,FALSE,FALSE,FALSE,FALSE,FALSE,FALSE,FALSE,FALSE,FALSE,FALSE,FALSE,FALSE,5,5,4,4,3,3,4,4,5,5,4,3,3,2,4,3,4,4,2,5,4,2,4,3,3,4,3,1,3,4,4,16.85118537,37.31551472
11151619,0015192743_0001_001.jpg,2,1,28,1,7,6,1,6,7,6,FALSE,FALSE,TRUE,FALSE,TRUE,FALSE,TRUE,TRUE,FALSE,FALSE,FALSE,FALSE,FALSE,FALSE,FALSE,FALSE,FALSE,TRUE,FALSE,TRUE,FALSE,FALSE,FALSE,FALSE,FALSE,FALSE,FALSE,TRUE,FALSE,FALSE,TRUE,FALSE,FALSE,FALSE,TRUE,FALSE,FALSE,TRUE,2,2,2,1,2,4,3,4,3,2,2,1,2,2,2,3,3,3,3,4,5,3,4,5,2,2,2,1,2,2,3,22.79143648,29.39708938
11161299,0015192735_0001_001.jpg,2,1,28,2,4,1,2,5,4,5,TRUE,FALSE,FALSE,FALSE,FALSE,FALSE,TRUE,FALSE,FALSE,FALSE,FALSE,FALSE,FALSE,FALSE,FALSE,TRUE,FALSE,FALSE,FALSE,FALSE,TRUE,FALSE,FALSE,FALSE,FALSE,FALSE,FALSE,FALSE,FALSE,FALSE,FALSE,FALSE,FALSE,FALSE,FALSE,FALSE,FALSE,TRUE,4,3,3,4,5,5,4,3,3,3,4,3,4,5,4,4,3,4,4,3,1,4,5,3,4,3,3,1,3,5,3,57.64321008,59.08947782
11176313,0015193274_0001_001.jpg,2,1,37,2,6,3,2,7,6,5,TRUE,FALSE,FALSE,FALSE,FALSE,FALSE,FALSE,FALSE,FALSE,FALSE,FALSE,FALSE,FALSE,FALSE,FALSE,FALSE,FALSE,FALSE,FALSE,FALSE,FALSE,FALSE,FALSE,FALSE,FALSE,FALSE,FALSE,FALSE,FALSE,FALSE,TRUE,FALSE,FALSE,FALSE,FALSE,FALSE,FALSE,FALSE,2,5,5,3,2,6,2,5,4,4,2,1,5,2,5,3,2,3,3,5,3,3,2,4,3,3,3,1,4,4,4,42.91380085,52.67741415
11177107,0015192466_0001_001.jpg,2,1,27,2,9,4,2,5,9,5,TRUE,FALSE,FALSE,FALSE,FALSE,FALSE,TRUE,FALSE,TRUE,FALSE,FALSE,FALSE,TRUE,FALSE,FALSE,FALSE,FALSE,FALSE,FALSE,FALSE,FALSE,FALSE,FALSE,FALSE,FALSE,FALSE,FALSE,FALSE,FALSE,FALSE,FALSE,FALSE,FALSE,FALSE,FALSE,FALSE,FALSE,FALSE,3,3,2,2,4,4,4,2,4,3,3,4,4,3,5,3,2,2,3,4,4,3,3,4,2,2,1,1,2,2,3,58.73204764,58.27455512
11194729,0015192668_0001_001.jpg,2,1,22,3,9,7,3,6,9,5,TRUE,FALSE,FALSE,TRUE,TRUE,TRUE,TRUE,TRUE,TRUE,TRUE,TRUE,TRUE,TRUE,TRUE,TRUE,TRUE,TRUE,TRUE,TRUE,TRUE,TRUE,TRUE,TRUE,TRUE,FALSE,FALSE,FALSE,FALSE,TRUE,FALSE,TRUE,FALSE,TRUE,TRUE,TRUE,FALSE,TRUE,FALSE,2,3,2,3,5,6,4,2,2,3,2,5,4,2,2,3,2,3,2,2,5,2,2,5,2,2,2,1,2,2,4,33.3465635,33.81950414
11206672,0015216956_0001_001.jpg,2,2,25,1,1,1,1,1,1,9,TRUE,TRUE,TRUE,TRUE,TRUE,TRUE,TRUE,TRUE,TRUE,FALSE,TRUE,TRUE,FALSE,TRUE,FALSE,TRUE,TRUE,TRUE,TRUE,TRUE,TRUE,TRUE,TRUE,TRUE,FALSE,TRUE,TRUE,TRUE,FALSE,TRUE,TRUE,TRUE,TRUE,TRUE,TRUE,TRUE,TRUE,TRUE,2,2,3,1,4,5,1,2,4,4,3,3,4,3,4,4,3,3,2,1,2,3,2,6,3,2,3,2,2,3,3,75.44501094,64.62165001
11207780,0015241842_0001_001.jpg,1,1,33,2,2,1,2,7,2,3,TRUE,FALSE,TRUE,TRUE,TRUE,TRUE,TRUE,TRUE,FALSE,TRUE,TRUE,FALSE,FALSE,TRUE,TRUE,TRUE,FALSE,FALSE,FALSE,FALSE,TRUE,FALSE,FALSE,FALSE,FALSE,TRUE,FALSE,FALSE,TRUE,TRUE,TRUE,FALSE,FALSE,FALSE,TRUE,FALSE,FALSE,TRUE,1,1,1,7,1,1,7,1,7,1,7,1,7,1,7,1,1,7,1,7,7,1,1,1,3,2,2,1,3,3,3,29.97353409,41.5149571
11218812,0015192822_0001_001.jpg,2,2,25,5,1,2,5,7,1,6,TRUE,FALSE,FALSE,FALSE,FALSE,FALSE,FALSE,TRUE,FALSE,FALSE,FALSE,FALSE,FALSE,TRUE,FALSE,TRUE,FALSE,FALSE,FALSE,FALSE,FALSE,FALSE,FALSE,FALSE,FALSE,FALSE,FALSE,FALSE,TRUE,FALSE,FALSE,FALSE,FALSE,FALSE,FALSE,FALSE,FALSE,FALSE,4,2,5,2,4,5,3,2,1,2,5,2,5,2,3,2,2,3,1,1,5,3,2,4,2,2,2,1,3,1,3,23.14618434,30.55276797
11240542,0015267245_0001_001.jpg,2,1,28,2,6,5,2,7,6,6,TRUE,FALSE,FALSE,FALSE,FALSE,FALSE,FALSE,TRUE,TRUE,FALSE,FALSE,FALSE,FALSE,TRUE,FALSE,FALSE,TRUE,FALSE,FALSE,FALSE,FALSE,FALSE,FALSE,FALSE,FALSE,FALSE,TRUE,FALSE,TRUE,FALSE,FALSE,FALSE,FALSE,FALSE,FALSE,FALSE,FALSE,FALSE,4,5,4,2,1,6,2,4,6,4,1,5,1,4,7,1,2,2,5,6,6,2,1,7,3,2,2,2,3,1,3,18.53730823,22.69984018
